order_id,customer_id,product_id,quantity,unit_price,total_price,order_date,shipping_address,payment_method,order_status
1,1,1,97,830.1,427.35,2/11/2021,981 Fallview Trail,Credit Card,Shipped
2,2,2,2,351.13,9148.37,12/15/2021,36278 2nd Plaza,Credit Card,Pending
3,3,3,7,176.02,8148.43,5/31/2020,8169 Dottie Alley,Cash on Delivery,Processing
4,4,4,48,981.88,1054.91,1/15/2022,54 Old Shore Trail,PayPal,Delivered
5,5,5,59,285.42,685.8,7/11/2020,615 Heffernan Street,PayPal,Pending
6,6,6,1,149.88,603.9,11/28/2022,9198 Doe Crossing Crossing,Cash on Delivery,Processing
7,7,7,23,881.97,4433.89,6/20/2020,66834 Canary Road,Credit Card,Pending
8,8,8,99,502.4,5255.56,5/16/2022,2195 Duke Center,PayPal,Processing
9,9,9,48,554.71,7096.61,3/26/2021,32 Schmedeman Drive,Credit Card,Pending
10,10,10,41,10.26,1945.05,5/2/2022,271 Westerfield Circle,PayPal,Processing
11,11,11,28,262.39,9902.99,12/2/2020,06 Veith Alley,Cash on Delivery,Shipped
12,12,12,29,316.81,2372.5,11/18/2020,59 Messerschmidt Alley,Credit Card,Delivered
13,13,13,12,196.35,5270.44,1/17/2020,99380 Little Fleur Pass,Credit Card,Shipped
14,14,14,20,355.79,2084.72,3/29/2020,3 4th Plaza,Credit Card,Shipped
15,15,15,95,131.65,7657.6,7/27/2022,21211 Holy Cross Drive,PayPal,Shipped
16,16,16,48,864.43,3995.74,4/20/2021,6 Maple Wood Point,PayPal,Shipped
17,17,17,19,912.82,2057.86,1/24/2020,93925 Straubel Center,PayPal,Pending
18,18,18,93,431.21,514.81,11/7/2022,26692 Shoshone Road,Cash on Delivery,Processing
19,19,19,32,420.58,9888.31,11/29/2022,393 Arrowood Pass,Credit Card,Delivered
20,20,20,51,237.16,2196.54,3/30/2020,764 Vahlen Plaza,Cash on Delivery,Delivered
21,21,21,97,977.31,1086.34,5/31/2020,39 Kinsman Lane,Credit Card,Delivered
22,22,22,75,563.25,303.48,1/24/2020,81881 Gerald Court,Credit Card,Pending
23,23,23,18,54.43,4068.13,11/3/2020,48 Linden Way,Credit Card,Processing
24,24,24,9,228.61,7246.07,12/26/2022,79231 Schiller Circle,PayPal,Delivered
25,25,25,27,110.9,6515.67,10/7/2021,991 Arizona Road,Credit Card,Delivered
26,26,26,24,421.4,2079.8,6/27/2022,7 North Center,Credit Card,Shipped
27,27,27,93,565.28,8036.61,2/18/2021,7661 Anzinger Crossing,Cash on Delivery,Processing
28,28,28,65,589.53,5986.26,9/3/2022,90 Carpenter Parkway,Cash on Delivery,Pending
29,29,29,63,866.81,5719.19,1/7/2022,19 Charing Cross Road,Cash on Delivery,Shipped
30,30,30,26,43.98,7679.06,4/19/2020,07 Eagle Crest Parkway,Credit Card,Pending
31,31,31,78,66.93,4513.45,6/25/2020,51455 Dayton Terrace,Credit Card,Processing
32,32,32,13,155.81,6343.47,9/2/2021,9 Tony Alley,Credit Card,Processing
33,33,33,76,214.49,3541.07,3/29/2021,475 Main Circle,Credit Card,Pending
34,34,34,19,679.4,1951.24,10/1/2020,126 Hanover Avenue,Cash on Delivery,Delivered
35,35,35,44,419.86,9113.82,1/28/2022,4 Wayridge Way,Credit Card,Shipped
36,36,36,62,268.61,798.53,7/9/2020,3941 Spaight Junction,Cash on Delivery,Pending
37,37,37,30,411.84,6232.58,3/31/2022,45573 American Circle,Cash on Delivery,Processing
38,38,38,68,192.75,6028.38,2/12/2020,543 Green Ridge Parkway,PayPal,Processing
39,39,39,6,142.58,9463.11,2/15/2021,62919 Brown Pass,Credit Card,Delivered
40,40,40,8,604.21,4256.82,6/23/2022,26 Dapin Way,PayPal,Processing
41,41,41,10,783.47,4187.64,2/21/2020,8277 Dawn Trail,Cash on Delivery,Processing
42,42,42,13,735.46,2422.28,9/15/2021,13244 Randy Court,Cash on Delivery,Shipped
43,43,43,6,624.44,5001.54,7/17/2020,16 Hagan Pass,Cash on Delivery,Processing
44,44,44,66,194.54,9955.94,3/15/2022,75030 Roxbury Lane,Credit Card,Shipped
45,45,45,30,461.15,7422.3,4/29/2021,27 Hazelcrest Alley,Cash on Delivery,Pending
46,46,46,88,221.6,6069.02,1/27/2022,58 Rusk Alley,Cash on Delivery,Shipped
47,47,47,43,493.61,8044.44,7/30/2022,3 Declaration Drive,Cash on Delivery,Delivered
48,48,48,20,539.72,3627.94,5/8/2020,4 Eastlawn Hill,Cash on Delivery,Pending
49,49,49,50,941.86,8909.38,1/13/2020,7089 Evergreen Lane,Credit Card,Pending
50,50,50,24,109.04,7273.5,12/22/2020,70337 Fair Oaks Terrace,PayPal,Processing
51,51,51,89,971.89,8340.21,6/26/2022,5 Swallow Lane,Cash on Delivery,Shipped
52,52,52,8,882.21,3253.03,12/29/2020,8270 Vera Center,Credit Card,Processing
53,53,53,48,819.45,115.41,8/8/2021,01 Artisan Road,Cash on Delivery,Pending
54,54,54,65,110.6,5597.81,12/6/2020,97 Talmadge Way,Credit Card,Delivered
55,55,55,39,280.66,78.55,4/7/2022,44587 Memorial Crossing,PayPal,Shipped
56,56,56,90,372.05,9910.88,7/8/2022,10261 Heath Trail,Credit Card,Shipped
57,57,57,54,221.53,6583.85,2/9/2021,6 David Place,PayPal,Pending
58,58,58,38,606.39,1134.29,3/1/2020,400 Meadow Valley Pass,Credit Card,Delivered
59,59,59,68,369.36,2469.19,10/13/2021,49 Vermont Street,Cash on Delivery,Delivered
60,60,60,56,984.27,1731.54,5/17/2020,22278 Clemons Avenue,PayPal,Delivered
61,61,61,73,196.51,2872.96,10/2/2021,43 Menomonie Road,PayPal,Shipped
62,62,62,23,0.29,4146.72,7/10/2022,2270 Coolidge Circle,Credit Card,Pending
63,63,63,61,659.29,6252.88,2/18/2022,3 Ohio Plaza,PayPal,Processing
64,64,64,23,728.96,8448.51,5/12/2021,7410 Claremont Pass,Credit Card,Delivered
65,65,65,16,970.54,5173.42,9/9/2021,3 Northfield Pass,Credit Card,Shipped
66,66,66,80,584.32,3209.8,10/12/2022,43223 Westerfield Pass,Cash on Delivery,Delivered
67,67,67,21,235.22,627.47,5/21/2022,58756 Anderson Alley,PayPal,Pending
68,68,68,62,196.44,3730.84,1/4/2020,5 Ohio Way,PayPal,Delivered
69,69,69,69,780.09,732.03,6/15/2022,4496 Chinook Trail,Cash on Delivery,Pending
70,70,70,45,472.73,5206.12,10/1/2020,2 Scofield Avenue,PayPal,Pending
71,71,71,54,509.48,8026.35,8/25/2020,830 Algoma Avenue,Cash on Delivery,Shipped
72,72,72,3,154.96,8021.56,7/29/2021,55 Arrowood Road,Credit Card,Pending
73,73,73,97,854.32,8311.26,9/10/2021,81 Dryden Plaza,PayPal,Pending
74,74,74,41,205.32,677.43,6/6/2021,54 Algoma Terrace,PayPal,Processing
75,75,75,63,668.66,4394.63,8/10/2021,9 Service Drive,Credit Card,Processing
76,76,76,85,288.45,8432.47,6/29/2020,59877 Blackbird Trail,Credit Card,Pending
77,77,77,51,720.07,1114.69,9/20/2022,4 Fuller Junction,Cash on Delivery,Shipped
78,78,78,19,26.14,6822.34,9/30/2022,191 Park Meadow Terrace,Cash on Delivery,Shipped
79,79,79,79,934.08,6303.81,5/16/2022,60070 Sundown Park,PayPal,Processing
80,80,80,11,820.42,5365.13,7/1/2021,6383 Lien Lane,Cash on Delivery,Delivered
81,81,81,4,802.57,4668.62,12/1/2020,6 Reinke Lane,PayPal,Processing
82,82,82,96,951.48,9059.42,3/7/2020,360 Schmedeman Road,Credit Card,Processing
83,83,83,97,822.64,5811.7,1/20/2022,8539 Bartelt Trail,PayPal,Pending
84,84,84,19,76.45,5910.29,4/24/2020,1463 Stone Corner Park,Credit Card,Delivered
85,85,85,41,693.57,4230.32,8/24/2020,99064 Gulseth Avenue,PayPal,Shipped
86,86,86,4,175.71,8883.64,6/3/2022,861 Banding Alley,Credit Card,Processing
87,87,87,98,554.09,5287.4,4/20/2020,47 Meadow Vale Hill,PayPal,Pending
88,88,88,22,400.75,318.0,12/12/2022,53103 Gerald Plaza,PayPal,Shipped
89,89,89,81,631.22,8936.78,1/27/2022,3 Hoard Alley,Cash on Delivery,Pending
90,90,90,100,222.78,3789.34,9/1/2021,9475 Oriole Plaza,Cash on Delivery,Pending
91,91,91,81,427.83,9155.1,2/12/2022,94312 Kropf Circle,PayPal,Shipped
92,92,92,42,506.87,7845.27,12/9/2021,851 Ridgeview Way,Cash on Delivery,Pending
93,93,93,85,801.52,841.42,8/7/2020,1 Florence Alley,PayPal,Processing
94,94,94,47,531.74,7696.63,11/21/2022,0 Chinook Hill,PayPal,Processing
95,95,95,10,466.06,4973.39,9/11/2021,26 Loomis Crossing,Cash on Delivery,Delivered
96,96,96,59,476.24,3513.22,12/7/2021,22661 Southridge Hill,Cash on Delivery,Shipped
97,97,97,57,503.48,4690.44,11/9/2022,4240 Thompson Lane,Cash on Delivery,Shipped
98,98,98,40,77.75,8978.4,9/19/2022,01162 Carioca Circle,PayPal,Pending
99,99,99,88,457.48,8272.78,9/2/2020,4 Dunning Alley,PayPal,Pending
100,100,100,49,134.38,5958.66,7/25/2022,130 Dexter Parkway,Credit Card,Pending
101,101,101,3,191.86,8498.7,7/12/2022,79 Mendota Hill,Cash on Delivery,Processing
102,102,102,51,922.5,4649.23,7/31/2020,5 Nancy Parkway,PayPal,Delivered
103,103,103,16,841.4,7043.93,7/30/2021,2619 Schmedeman Pass,Credit Card,Pending
104,104,104,70,170.35,1192.99,1/27/2020,76 Ilene Terrace,Credit Card,Processing
105,105,105,55,964.24,5503.79,4/12/2020,75004 Hoffman Parkway,Cash on Delivery,Delivered
106,106,106,61,187.53,8843.99,12/26/2020,002 Dryden Street,PayPal,Pending
107,107,107,100,521.6,9674.01,9/30/2022,00096 Springview Point,Cash on Delivery,Delivered
108,108,108,46,810.41,4613.9,7/19/2021,3665 Eastlawn Parkway,PayPal,Delivered
109,109,109,28,139.77,759.01,5/10/2021,229 Carioca Drive,Cash on Delivery,Pending
110,110,110,50,832.34,3823.59,9/9/2022,30 Bellgrove Lane,PayPal,Shipped
111,111,111,34,861.1,2860.91,12/25/2020,61657 Mosinee Way,Cash on Delivery,Pending
112,112,112,77,179.91,8913.59,11/20/2021,123 Eagle Crest Road,Credit Card,Shipped
113,113,113,71,875.38,2434.77,10/3/2022,5326 Maywood Place,Credit Card,Pending
114,114,114,29,509.74,5493.03,4/8/2022,98760 Nobel Hill,Credit Card,Shipped
115,115,115,38,466.1,7726.59,2/13/2022,7 Twin Pines Street,Credit Card,Processing
116,116,116,78,800.43,2020.99,7/8/2022,2 Del Mar Circle,Credit Card,Pending
117,117,117,49,324.57,147.37,1/3/2022,99 Kim Drive,PayPal,Processing
118,118,118,87,179.9,1847.49,4/4/2022,48 Artisan Lane,Cash on Delivery,Processing
119,119,119,10,103.88,7623.39,4/16/2021,08 Fallview Parkway,Credit Card,Shipped
120,120,120,78,513.01,1245.59,11/2/2021,6 Service Park,Credit Card,Pending
121,121,121,93,295.08,9752.33,3/26/2022,24 Donald Plaza,Credit Card,Shipped
122,122,122,15,832.58,6647.17,7/12/2020,4 Prentice Circle,Cash on Delivery,Processing
123,123,123,48,802.04,624.93,8/9/2020,1264 Carioca Way,Credit Card,Pending
124,124,124,56,464.74,2172.23,8/25/2022,42053 Dwight Center,Credit Card,Processing
125,125,125,62,520.71,7288.44,4/19/2020,85 Dottie Court,Cash on Delivery,Processing
126,126,126,51,695.98,4149.56,10/11/2020,17 Monica Hill,PayPal,Delivered
127,127,127,21,20.27,9138.11,9/26/2022,8 Doe Crossing Center,Credit Card,Processing
128,128,128,8,789.67,1379.08,3/5/2022,9 Hagan Junction,PayPal,Processing
129,129,129,11,139.1,3699.7,6/27/2021,19 Muir Hill,Cash on Delivery,Delivered
130,130,130,27,694.23,3828.88,9/12/2021,17656 Debs Pass,PayPal,Delivered
131,131,131,100,552.61,2271.41,5/14/2020,2631 Northport Circle,Cash on Delivery,Shipped
132,132,132,92,124.04,6768.89,12/19/2020,52621 Algoma Street,Credit Card,Processing
133,133,133,60,371.83,8971.39,12/27/2022,140 Killdeer Parkway,Cash on Delivery,Shipped
134,134,134,76,254.62,9370.43,2/21/2022,73 Mccormick Circle,Cash on Delivery,Delivered
135,135,135,56,795.81,3818.6,8/25/2022,5 Kensington Point,Credit Card,Processing
136,136,136,59,344.8,2025.42,11/27/2022,6 Service Plaza,Cash on Delivery,Shipped
137,137,137,66,558.58,3485.72,8/26/2020,9 Fair Oaks Court,Cash on Delivery,Delivered
138,138,138,22,644.44,3694.8,7/25/2022,9 Washington Drive,Credit Card,Shipped
139,139,139,3,925.55,6086.77,12/20/2022,195 Miller Point,Credit Card,Delivered
140,140,140,65,160.38,9749.86,12/14/2021,6155 Mariners Cove Hill,Cash on Delivery,Delivered
141,141,141,73,891.86,9669.82,11/4/2020,6592 Melvin Street,Credit Card,Processing
142,142,142,5,430.24,1286.45,7/6/2021,91089 Mandrake Court,PayPal,Shipped
143,143,143,83,92.89,488.54,12/31/2021,41 Village Terrace,PayPal,Pending
144,144,144,37,488.04,7253.79,10/29/2022,8 Arapahoe Street,Cash on Delivery,Delivered
145,145,145,39,731.36,2162.18,2/13/2021,84 Russell Lane,Cash on Delivery,Delivered
146,146,146,13,126.14,1900.81,12/28/2022,0702 Moulton Alley,Cash on Delivery,Pending
147,147,147,9,799.47,9931.33,7/15/2021,72 Hooker Terrace,PayPal,Shipped
148,148,148,15,76.01,2635.5,7/16/2021,549 Hoffman Way,Credit Card,Pending
149,149,149,88,888.2,4756.71,10/3/2020,6387 Carpenter Road,Credit Card,Delivered
150,150,150,94,536.59,1105.2,4/29/2020,75302 Gateway Place,Cash on Delivery,Pending
151,151,151,23,225.24,7754.31,11/3/2021,3745 Annamark Plaza,Cash on Delivery,Pending
152,152,152,33,764.01,7614.33,1/10/2020,4151 John Wall Terrace,Cash on Delivery,Shipped
153,153,153,97,997.7,2124.1,12/13/2021,9880 Glacier Hill Point,Credit Card,Shipped
154,154,154,53,125.09,6041.41,1/8/2020,77 Namekagon Alley,Credit Card,Delivered
155,155,155,68,865.55,9114.47,5/11/2021,063 Johnson Avenue,Cash on Delivery,Processing
156,156,156,62,199.81,2387.02,10/17/2021,95 Meadow Ridge Avenue,PayPal,Processing
157,157,157,32,661.56,7237.85,3/9/2020,064 Tennessee Alley,PayPal,Delivered
158,158,158,65,682.32,2886.84,5/8/2022,9825 Sundown Drive,PayPal,Delivered
159,159,159,99,776.37,28.41,12/15/2020,5472 Harbort Trail,Credit Card,Processing
160,160,160,17,452.97,539.41,3/23/2020,0 Eggendart Place,Credit Card,Pending
161,161,161,2,15.29,2149.21,12/7/2020,53 Upham Place,Cash on Delivery,Processing
162,162,162,1,643.83,3367.18,11/10/2020,1 Blue Bill Park Point,Credit Card,Processing
163,163,163,18,164.47,2436.39,10/6/2020,40 Towne Center,PayPal,Shipped
164,164,164,17,53.66,3982.75,6/18/2020,04727 Merchant Alley,Cash on Delivery,Processing
165,165,165,18,648.21,423.4,7/8/2020,849 Eagan Road,PayPal,Delivered
166,166,166,82,485.39,201.14,10/17/2022,8749 Glacier Hill Hill,PayPal,Pending
167,167,167,95,922.43,4236.94,3/4/2020,4275 Farwell Road,Credit Card,Delivered
168,168,168,17,630.66,2701.27,9/1/2021,794 Jenifer Trail,Cash on Delivery,Delivered
169,169,169,19,771.0,1377.07,3/2/2020,497 Tennessee Place,PayPal,Shipped
170,170,170,38,377.4,5706.17,3/27/2022,648 Steensland Road,Credit Card,Shipped
171,171,171,39,274.71,4108.73,8/29/2020,523 Sheridan Parkway,Credit Card,Shipped
172,172,172,90,418.59,1377.31,4/29/2022,3082 Declaration Point,PayPal,Pending
173,173,173,19,576.74,1445.98,10/1/2021,3 Springs Terrace,PayPal,Processing
174,174,174,31,637.16,2251.21,8/28/2022,593 Milwaukee Alley,Credit Card,Pending
175,175,175,86,10.29,5884.02,8/21/2021,044 Eliot Terrace,Credit Card,Pending
176,176,176,21,227.55,4898.33,12/1/2022,77672 4th Point,Credit Card,Delivered
177,177,177,88,38.44,4877.29,1/28/2022,613 Ludington Pass,PayPal,Pending
178,178,178,78,428.84,2359.12,10/1/2020,005 Division Street,PayPal,Processing
179,179,179,20,55.63,6467.83,2/12/2021,4 Ronald Regan Pass,PayPal,Processing
180,180,180,3,783.92,4753.35,9/5/2022,81370 Melby Plaza,Credit Card,Delivered
181,181,181,86,646.58,8656.77,6/4/2020,42541 Ramsey Trail,Cash on Delivery,Processing
182,182,182,21,118.09,8900.1,1/11/2021,567 Acker Plaza,Credit Card,Delivered
183,183,183,3,195.29,3009.24,4/27/2022,68 Acker Terrace,PayPal,Processing
184,184,184,3,182.9,7158.94,12/7/2022,58930 Ludington Alley,Credit Card,Shipped
185,185,185,87,528.78,1113.03,2/17/2020,38788 Morning Way,Credit Card,Shipped
186,186,186,86,296.48,2821.81,1/30/2020,496 Rieder Place,Cash on Delivery,Delivered
187,187,187,81,633.2,9772.22,3/26/2021,257 Bashford Trail,PayPal,Pending
188,188,188,40,71.19,3002.38,12/20/2021,7388 Oneill Terrace,PayPal,Delivered
189,189,189,59,189.43,7506.22,7/16/2020,0057 Cherokee Circle,Credit Card,Pending
190,190,190,97,878.53,457.68,10/22/2020,28 Algoma Road,PayPal,Pending
191,191,191,61,402.49,8612.38,3/20/2021,1 Steensland Crossing,PayPal,Delivered
192,192,192,69,631.37,8115.64,8/10/2020,46519 Kingsford Park,Cash on Delivery,Shipped
193,193,193,32,323.14,3639.69,5/17/2020,437 Erie Center,Credit Card,Processing
194,194,194,67,448.81,871.05,3/6/2022,41491 Butternut Drive,PayPal,Processing
195,195,195,50,977.01,4526.95,3/20/2020,58 Stuart Terrace,Credit Card,Delivered
196,196,196,36,792.84,1885.93,1/4/2021,950 Talmadge Parkway,PayPal,Shipped
197,197,197,96,355.14,8176.04,8/28/2021,6782 Merry Way,Cash on Delivery,Processing
198,198,198,71,868.42,4710.84,2/3/2021,79 Moland Parkway,Cash on Delivery,Shipped
199,199,199,44,643.17,4654.71,9/29/2021,728 Homewood Circle,Credit Card,Shipped
200,200,200,97,942.62,6888.76,1/13/2021,5745 Trailsway Center,PayPal,Shipped
201,201,201,69,324.15,8605.31,5/7/2020,9 Huxley Pass,PayPal,Processing
202,202,202,16,100.97,8891.63,2/7/2022,26883 Forster Street,Credit Card,Processing
203,203,203,75,601.27,2364.05,3/20/2020,00 Artisan Court,Credit Card,Delivered
204,204,204,20,345.41,1110.87,6/25/2020,6 Bobwhite Park,PayPal,Pending
205,205,205,86,434.17,3448.33,9/25/2022,77641 Russell Alley,Cash on Delivery,Delivered
206,206,206,9,836.31,3865.28,5/27/2020,7668 Cordelia Plaza,PayPal,Shipped
207,207,207,44,742.71,7097.96,10/2/2020,12 Texas Plaza,PayPal,Processing
208,208,208,55,117.13,8247.3,8/23/2022,51232 Goodland Park,Cash on Delivery,Processing
209,209,209,39,587.13,7655.75,12/22/2022,540 Holy Cross Point,Cash on Delivery,Processing
210,210,210,7,704.8,6044.03,9/19/2021,06848 Nobel Trail,PayPal,Processing
211,211,211,8,160.34,4141.07,5/12/2021,5020 Lakewood Crossing,PayPal,Shipped
212,212,212,68,74.95,9706.77,7/3/2021,3011 Express Avenue,Credit Card,Shipped
213,213,213,66,909.18,4222.44,11/4/2022,9667 Algoma Road,Cash on Delivery,Pending
214,214,214,19,630.42,7290.41,7/7/2022,35653 Gateway Alley,Credit Card,Delivered
215,215,215,58,761.05,4071.44,6/14/2020,6669 Glacier Hill Trail,Cash on Delivery,Processing
216,216,216,83,800.82,8634.57,1/3/2020,82 1st Circle,PayPal,Pending
217,217,217,8,332.81,3722.91,5/17/2021,8 Goodland Road,PayPal,Pending
218,218,218,64,784.69,8694.24,11/9/2020,29 Iowa Plaza,Cash on Delivery,Shipped
219,219,219,51,844.98,8572.33,12/16/2020,77510 Lotheville Junction,Credit Card,Processing
220,220,220,19,789.45,5833.3,10/27/2021,16 Bowman Road,Cash on Delivery,Processing
221,221,221,42,508.09,29.78,3/8/2022,0 Kenwood Parkway,PayPal,Processing
222,222,222,98,901.76,595.97,7/29/2022,67 Grover Crossing,Cash on Delivery,Pending
223,223,223,31,875.72,2934.88,7/9/2022,7174 Emmet Pass,Cash on Delivery,Processing
224,224,224,79,270.44,5824.14,5/6/2021,9 Shasta Park,Cash on Delivery,Pending
225,225,225,60,701.38,475.25,4/6/2022,6571 Debra Court,Cash on Delivery,Shipped
226,226,226,62,148.58,1156.09,8/9/2020,35193 Crowley Park,PayPal,Processing
227,227,227,36,24.57,2936.72,8/8/2020,0 Waxwing Hill,PayPal,Delivered
228,228,228,70,527.46,1696.13,11/22/2020,3754 Continental Park,Credit Card,Processing
229,229,229,58,916.89,4240.62,1/21/2022,5463 Hintze Crossing,Credit Card,Processing
230,230,230,77,684.24,1370.46,5/15/2022,258 Orin Lane,Cash on Delivery,Processing
231,231,231,64,569.02,7818.19,6/30/2021,9 Mallory Place,Cash on Delivery,Processing
232,232,232,10,289.45,1028.29,5/28/2022,51 East Junction,PayPal,Pending
233,233,233,96,594.69,5373.34,2/29/2020,2483 Cottonwood Plaza,Credit Card,Shipped
234,234,234,6,578.38,7647.67,5/16/2022,429 Thompson Crossing,Credit Card,Delivered
235,235,235,43,124.42,9481.5,5/22/2020,1 Pond Trail,Cash on Delivery,Delivered
236,236,236,15,529.24,8886.55,11/7/2022,390 Stuart Crossing,Credit Card,Pending
237,237,237,37,348.2,9822.67,7/31/2020,225 Mitchell Park,PayPal,Pending
238,238,238,93,561.72,7385.09,9/23/2021,78 Quincy Park,Cash on Delivery,Delivered
239,239,239,6,881.21,5932.53,12/1/2021,574 Merrick Pass,PayPal,Shipped
240,240,240,61,986.36,6366.45,2/5/2021,49 Anhalt Pass,PayPal,Pending
241,241,241,89,68.81,9031.11,7/23/2022,0948 Mandrake Court,Cash on Delivery,Processing
242,242,242,40,234.32,6866.99,7/29/2022,8103 Oneill Road,Credit Card,Processing
243,243,243,62,836.75,4730.22,10/27/2022,9597 Talisman Terrace,Cash on Delivery,Shipped
244,244,244,54,818.01,9351.55,1/11/2020,5916 Bellgrove Street,PayPal,Shipped
245,245,245,12,811.07,8183.49,2/21/2022,9878 Eastwood Crossing,Cash on Delivery,Processing
246,246,246,49,474.08,2788.14,2/8/2020,6741 Lotheville Crossing,PayPal,Delivered
247,247,247,7,713.39,7430.96,8/12/2020,94 Petterle Pass,PayPal,Pending
248,248,248,56,850.87,9541.22,3/14/2020,8 Memorial Terrace,PayPal,Delivered
249,249,249,3,533.86,2047.69,7/9/2021,99979 Longview Park,Cash on Delivery,Pending
250,250,250,26,39.16,8827.38,1/13/2021,15937 Straubel Center,Credit Card,Shipped
251,251,251,30,195.04,8048.5,2/2/2021,0 Lunder Alley,Credit Card,Processing
252,252,252,4,230.48,4763.2,12/6/2021,05353 Atwood Center,PayPal,Delivered
253,253,253,50,902.55,5775.83,6/2/2020,8355 Gateway Plaza,Credit Card,Shipped
254,254,254,57,585.22,1798.12,5/29/2022,50 Northview Crossing,Credit Card,Shipped
255,255,255,52,811.57,1038.33,5/26/2021,731 School Road,Cash on Delivery,Pending
256,256,256,11,284.24,9578.78,2/14/2020,21 Cordelia Avenue,Credit Card,Shipped
257,257,257,64,191.27,531.15,10/9/2022,782 Schlimgen Avenue,PayPal,Shipped
258,258,258,20,374.82,8402.78,2/18/2020,7 High Crossing Crossing,PayPal,Delivered
259,259,259,64,876.69,6037.61,5/14/2021,64976 Evergreen Lane,PayPal,Delivered
260,260,260,33,137.45,664.66,12/12/2020,4193 Village Green Way,PayPal,Processing
261,261,261,51,894.21,8302.4,9/18/2020,63 Schlimgen Court,Cash on Delivery,Delivered
262,262,262,40,600.93,2949.23,8/21/2022,8 Washington Drive,Cash on Delivery,Pending
263,263,263,51,344.52,3623.06,8/23/2021,98415 Lake View Parkway,PayPal,Pending
264,264,264,52,196.92,6243.83,11/6/2022,05 Morning Trail,Credit Card,Delivered
265,265,265,15,493.29,2370.1,12/19/2020,49935 Buena Vista Avenue,Credit Card,Processing
266,266,266,50,993.74,4498.81,9/22/2021,1 Merrick Drive,PayPal,Shipped
267,267,267,63,673.09,6684.14,7/8/2021,3144 Golf Course Way,Credit Card,Shipped
268,268,268,29,64.72,836.8,2/22/2022,9 Starling Lane,Credit Card,Pending
269,269,269,48,158.45,1370.99,12/24/2022,7879 Schiller Parkway,PayPal,Pending
270,270,270,71,185.86,1923.79,1/15/2021,69767 Waubesa Way,Credit Card,Shipped
271,271,271,59,525.42,414.13,3/9/2020,53 Service Lane,Credit Card,Delivered
272,272,272,56,324.42,4030.21,9/3/2022,55 Corry Hill,Credit Card,Pending
273,273,273,53,347.09,7247.78,4/23/2022,05 Fuller Pass,Credit Card,Shipped
274,274,274,76,42.26,6014.6,1/12/2021,94311 Warbler Alley,Cash on Delivery,Shipped
275,275,275,22,445.46,7264.38,4/11/2022,5075 Luster Circle,PayPal,Processing
276,276,276,90,568.93,5103.44,12/18/2022,89 Rockefeller Way,PayPal,Shipped
277,277,277,20,501.07,8807.15,8/10/2022,3621 Cordelia Road,PayPal,Shipped
278,278,278,29,208.96,2745.41,3/12/2022,681 Northridge Lane,Credit Card,Shipped
279,279,279,100,942.78,9630.06,12/10/2020,389 Charing Cross Circle,Credit Card,Shipped
280,280,280,49,236.17,6261.85,10/1/2021,01 Iowa Avenue,Credit Card,Processing
281,281,281,40,193.05,2633.25,12/24/2021,284 Fairview Way,Credit Card,Pending
282,282,282,69,773.84,9393.78,8/28/2021,326 Weeping Birch Lane,Credit Card,Processing
283,283,283,72,442.88,5499.84,2/27/2021,7372 Annamark Crossing,Cash on Delivery,Pending
284,284,284,1,809.2,6893.53,7/21/2021,8710 High Crossing Junction,Credit Card,Pending
285,285,285,51,274.99,3228.07,6/26/2020,2 Dawn Trail,Cash on Delivery,Pending
286,286,286,14,101.46,7252.48,9/16/2022,55 Blackbird Terrace,Credit Card,Pending
287,287,287,68,756.97,280.54,4/30/2020,9 Havey Drive,Credit Card,Pending
288,288,288,14,55.15,5352.54,10/8/2021,06 Jana Drive,PayPal,Pending
289,289,289,82,624.02,4915.53,4/16/2021,773 Lindbergh Point,PayPal,Shipped
290,290,290,60,478.8,1256.83,4/25/2021,5606 Shopko Court,Cash on Delivery,Processing
291,291,291,53,340.01,3481.25,8/5/2020,856 Eastwood Circle,Cash on Delivery,Delivered
292,292,292,15,144.29,1032.59,4/29/2021,76 Nelson Junction,Cash on Delivery,Delivered
293,293,293,55,379.3,799.7,5/14/2021,215 Fordem Road,Cash on Delivery,Processing
294,294,294,19,18.08,3663.53,1/4/2022,62454 Stuart Parkway,PayPal,Processing
295,295,295,71,899.61,4935.17,3/6/2020,47 Sommers Road,Cash on Delivery,Shipped
296,296,296,32,724.11,1807.16,5/2/2020,48126 Goodland Lane,Credit Card,Pending
297,297,297,88,619.32,8642.3,4/20/2021,88852 Kings Plaza,Credit Card,Delivered
298,298,298,1,277.34,7723.61,8/6/2021,2 Summerview Street,Cash on Delivery,Delivered
299,299,299,17,985.72,3301.99,6/30/2021,7821 Kennedy Lane,Credit Card,Shipped
300,300,300,11,555.34,7870.56,2/24/2022,93142 Jenna Plaza,PayPal,Pending
301,301,301,41,59.11,1500.83,4/29/2021,66329 Moulton Trail,Cash on Delivery,Processing
302,302,302,78,251.87,2686.53,1/14/2021,55 Sutteridge Avenue,Cash on Delivery,Pending
303,303,303,50,50.67,9202.29,11/11/2022,1782 Anniversary Point,Cash on Delivery,Delivered
304,304,304,52,692.46,8917.99,10/11/2022,9530 Huxley Hill,PayPal,Delivered
305,305,305,89,491.36,99.89,8/11/2022,988 Elka Drive,PayPal,Pending
306,306,306,80,490.14,5261.35,4/3/2020,1408 Farragut Road,Cash on Delivery,Shipped
307,307,307,87,632.65,6091.25,5/21/2021,837 Fordem Drive,Cash on Delivery,Delivered
308,308,308,25,148.68,6906.32,9/6/2020,8531 Loeprich Point,Credit Card,Pending
309,309,309,69,294.33,3748.9,7/6/2020,1 Autumn Leaf Lane,PayPal,Processing
310,310,310,94,417.86,4899.3,8/23/2022,4858 Basil Pass,PayPal,Processing
311,311,311,24,528.68,7159.86,8/27/2021,67355 Annamark Trail,PayPal,Delivered
312,312,312,58,428.4,3287.59,3/22/2022,9255 Reindahl Way,Credit Card,Shipped
313,313,313,3,550.69,7343.47,6/16/2022,1724 Buhler Point,Credit Card,Shipped
314,314,314,92,851.5,4190.47,11/13/2022,50 1st Junction,Cash on Delivery,Shipped
315,315,315,55,218.04,3211.08,2/1/2022,09 Kings Trail,Cash on Delivery,Shipped
316,316,316,47,488.79,1942.65,10/8/2020,4016 Northland Place,Credit Card,Shipped
317,317,317,75,822.78,1278.86,7/4/2020,454 Maple Street,PayPal,Pending
318,318,318,88,764.38,8001.55,4/25/2022,9 Acker Plaza,Credit Card,Pending
319,319,319,26,113.22,4585.43,10/22/2022,9727 South Plaza,Cash on Delivery,Pending
320,320,320,20,154.9,6898.46,7/23/2022,2471 Fisk Avenue,Cash on Delivery,Delivered
321,321,321,33,670.21,3930.0,1/26/2022,9863 Division Street,Credit Card,Pending
322,322,322,65,26.71,5025.33,12/30/2022,69643 Roth Alley,PayPal,Shipped
323,323,323,77,656.0,4597.2,8/8/2020,40035 Banding Pass,Cash on Delivery,Pending
324,324,324,50,481.81,3262.25,9/30/2022,84487 Magdeline Junction,Cash on Delivery,Shipped
325,325,325,85,740.2,7987.07,5/22/2022,49442 Basil Way,Cash on Delivery,Processing
326,326,326,56,294.05,8756.3,6/16/2022,097 Vernon Plaza,PayPal,Delivered
327,327,327,7,469.34,1109.02,12/18/2022,0 Leroy Plaza,PayPal,Shipped
328,328,328,3,606.39,3066.17,5/28/2021,458 Northport Trail,Credit Card,Shipped
329,329,329,69,962.96,204.53,11/20/2022,97 Emmet Hill,PayPal,Processing
330,330,330,70,837.49,7092.38,11/17/2021,69480 Vidon Terrace,PayPal,Pending
331,331,331,78,905.65,6003.88,10/14/2022,56 Crownhardt Road,Credit Card,Shipped
332,332,332,47,848.38,489.14,4/25/2020,1902 Weeping Birch Trail,Credit Card,Shipped
333,333,333,73,477.17,683.84,9/20/2022,02 Schlimgen Avenue,Cash on Delivery,Processing
334,334,334,23,283.66,7497.7,1/23/2022,5471 Norway Maple Alley,Credit Card,Shipped
335,335,335,23,128.86,3150.94,12/11/2021,3099 Maywood Court,Cash on Delivery,Delivered
336,336,336,62,659.71,9006.75,5/2/2022,36 Glacier Hill Way,Cash on Delivery,Delivered
337,337,337,18,829.93,1608.25,5/21/2020,50 Arapahoe Street,Credit Card,Processing
338,338,338,80,587.94,1974.94,5/15/2021,5 Milwaukee Road,Cash on Delivery,Processing
339,339,339,3,495.9,8907.76,8/26/2022,442 Atwood Terrace,Credit Card,Shipped
340,340,340,97,937.34,1230.09,2/19/2022,41 Ronald Regan Trail,Credit Card,Delivered
341,341,341,47,740.17,4015.53,5/27/2021,936 Lotheville Terrace,Credit Card,Delivered
342,342,342,30,133.23,9601.75,9/10/2021,3 Donald Plaza,Cash on Delivery,Processing
343,343,343,91,791.39,1599.58,5/28/2022,54980 Montana Road,Credit Card,Shipped
344,344,344,84,744.17,2286.51,1/5/2020,7614 Rusk Alley,Cash on Delivery,Shipped
345,345,345,64,307.69,9825.91,8/3/2021,84 Loeprich Circle,Credit Card,Delivered
346,346,346,25,588.76,2703.9,4/28/2022,86826 Fisk Center,Cash on Delivery,Processing
347,347,347,8,253.37,5983.91,5/22/2020,5982 Scott Junction,Cash on Delivery,Shipped
348,348,348,2,298.15,109.93,6/6/2022,2139 Grasskamp Point,Credit Card,Pending
349,349,349,41,105.31,5946.42,4/11/2020,6501 Boyd Court,PayPal,Shipped
350,350,350,45,502.36,8331.91,11/28/2022,3 North Junction,Cash on Delivery,Delivered
351,351,351,42,473.84,2107.7,3/4/2021,91 Talmadge Center,PayPal,Delivered
352,352,352,13,98.95,3021.93,6/12/2022,9 Meadow Vale Hill,Cash on Delivery,Delivered
353,353,353,43,400.12,4258.34,12/25/2020,837 Forster Way,PayPal,Pending
354,354,354,89,859.69,7002.96,1/26/2022,77218 Steensland Street,PayPal,Shipped
355,355,355,69,881.74,2213.34,9/21/2022,1 Lakeland Junction,Credit Card,Pending
356,356,356,44,977.79,946.77,2/29/2020,060 Vahlen Parkway,Cash on Delivery,Pending
357,357,357,64,464.43,300.67,1/1/2020,4262 Macpherson Alley,PayPal,Shipped
358,358,358,16,797.09,3625.21,4/6/2020,01 Cambridge Alley,Cash on Delivery,Shipped
359,359,359,71,653.87,1403.15,4/29/2021,6 Clemons Hill,PayPal,Shipped
360,360,360,78,967.98,309.91,10/7/2022,6329 Columbus Center,Cash on Delivery,Processing
361,361,361,47,260.68,1260.89,7/11/2022,9 Lerdahl Avenue,PayPal,Shipped
362,362,362,9,415.15,8849.07,7/24/2022,862 Carberry Trail,PayPal,Delivered
363,363,363,41,938.32,5303.57,3/25/2022,289 Barby Lane,Credit Card,Shipped
364,364,364,50,860.84,8229.44,9/20/2020,32 Becker Plaza,Cash on Delivery,Shipped
365,365,365,8,647.4,608.55,4/13/2022,821 Green Ridge Way,Credit Card,Processing
366,366,366,4,902.3,8806.79,10/26/2020,908 Rieder Circle,PayPal,Pending
367,367,367,33,235.96,2642.15,1/24/2022,5 Myrtle Road,Credit Card,Delivered
368,368,368,5,815.88,9904.81,12/15/2020,1867 Cambridge Circle,Credit Card,Pending
369,369,369,36,38.47,4867.42,8/20/2021,1 Caliangt Hill,Cash on Delivery,Processing
370,370,370,44,361.16,6553.83,6/11/2021,19549 Mendota Park,PayPal,Shipped
371,371,371,2,581.33,7232.23,7/9/2021,0 Carey Lane,Credit Card,Shipped
372,372,372,3,909.73,7968.86,8/21/2022,8196 Tennessee Terrace,Credit Card,Delivered
373,373,373,36,441.97,6190.23,7/27/2021,570 Meadow Ridge Place,Cash on Delivery,Processing
374,374,374,14,822.15,7588.41,8/7/2022,61 Grover Court,Credit Card,Pending
375,375,375,81,412.16,4612.27,7/20/2021,985 Summit Drive,Credit Card,Pending
376,376,376,8,332.38,674.36,10/23/2022,51 Fisk Circle,PayPal,Pending
377,377,377,42,374.05,7356.56,9/27/2020,5589 West Hill,Cash on Delivery,Processing
378,378,378,26,633.78,9699.7,1/2/2020,34 Butternut Parkway,Credit Card,Delivered
379,379,379,47,605.89,1547.31,4/1/2020,38815 Waywood Lane,PayPal,Delivered
380,380,380,83,990.03,5641.78,12/23/2022,680 Packers Pass,PayPal,Processing
381,381,381,96,458.99,6997.1,8/23/2020,282 Kennedy Terrace,PayPal,Shipped
382,382,382,72,156.62,8698.78,11/6/2022,07 Thierer Way,PayPal,Delivered
383,383,383,24,883.99,360.06,8/16/2022,6838 Blackbird Terrace,PayPal,Pending
384,384,384,84,532.63,1677.79,9/24/2021,6056 Fremont Alley,PayPal,Pending
385,385,385,74,236.5,3273.31,11/15/2021,4946 Thompson Court,Cash on Delivery,Delivered
386,386,386,45,990.64,6618.32,3/30/2021,1 Lien Court,Credit Card,Processing
387,387,387,27,551.28,3152.03,2/5/2020,64 Lakewood Gardens Circle,Credit Card,Processing
388,388,388,22,72.82,7615.72,2/22/2020,410 Ruskin Drive,Credit Card,Pending
389,389,389,74,435.16,9461.25,2/28/2020,1753 Sherman Trail,Credit Card,Processing
390,390,390,33,767.16,5196.59,2/16/2020,16281 Morrow Lane,PayPal,Delivered
391,391,391,91,513.05,461.82,4/18/2020,86 Vernon Avenue,Credit Card,Pending
392,392,392,33,562.7,3773.93,9/11/2021,57989 American Pass,PayPal,Pending
393,393,393,99,200.26,5299.79,5/10/2022,01455 Moose Center,PayPal,Processing
394,394,394,82,924.57,5900.23,3/15/2022,85028 Pawling Park,PayPal,Shipped
395,395,395,75,310.38,1361.88,11/18/2021,2 Forest Dale Alley,PayPal,Processing
396,396,396,63,612.91,532.7,11/29/2020,65 Fairfield Alley,PayPal,Processing
397,397,397,59,462.47,8862.12,6/11/2020,8956 Nova Court,Cash on Delivery,Shipped
398,398,398,80,89.33,9158.95,10/25/2022,386 Lighthouse Bay Court,Credit Card,Delivered
399,399,399,38,127.09,6076.07,11/9/2020,8 Kropf Way,PayPal,Processing
400,400,400,9,41.54,4213.71,12/8/2021,63480 Novick Center,Cash on Delivery,Delivered
401,401,401,36,964.04,6401.47,11/19/2021,96112 Gateway Plaza,Cash on Delivery,Delivered
402,402,402,95,0.7,4525.2,11/22/2021,0735 Mallard Alley,PayPal,Pending
403,403,403,3,720.3,2560.26,5/7/2022,9 Main Drive,Cash on Delivery,Processing
404,404,404,51,387.11,2304.79,8/12/2021,84 Fuller Plaza,Credit Card,Processing
405,405,405,47,744.89,1487.65,9/24/2021,4137 Fisk Crossing,PayPal,Pending
406,406,406,60,436.47,2382.79,7/22/2021,74292 Sunfield Lane,PayPal,Delivered
407,407,407,25,916.99,707.06,3/6/2021,2 Shopko Pass,Credit Card,Delivered
408,408,408,35,812.52,1161.93,12/11/2020,96 Surrey Center,PayPal,Shipped
409,409,409,90,127.27,7905.94,1/25/2021,30 Northland Road,PayPal,Processing
410,410,410,23,366.49,4751.26,4/12/2021,32469 Kedzie Drive,PayPal,Pending
411,411,411,20,256.28,3663.16,7/29/2020,4 American Park,Cash on Delivery,Pending
412,412,412,19,376.52,6995.28,2/7/2021,02 Bashford Drive,PayPal,Processing
413,413,413,16,394.47,2834.86,2/20/2022,1 Mitchell Alley,Credit Card,Shipped
414,414,414,48,275.2,6139.72,2/18/2022,15136 Pepper Wood Circle,Cash on Delivery,Delivered
415,415,415,88,554.93,2767.7,6/17/2021,4748 Nevada Drive,Cash on Delivery,Pending
416,416,416,66,343.4,2995.2,4/15/2021,77370 Northport Avenue,PayPal,Shipped
417,417,417,75,254.81,930.49,10/6/2022,96318 Ronald Regan Park,PayPal,Delivered
418,418,418,50,910.3,2864.82,2/24/2021,91456 International Hill,Credit Card,Pending
419,419,419,49,195.66,4750.93,4/2/2022,9155 Pearson Hill,PayPal,Pending
420,420,420,63,135.61,592.43,4/24/2020,26 Old Gate Alley,PayPal,Shipped
421,421,421,82,422.35,8600.3,2/18/2022,46626 Cascade Lane,PayPal,Delivered
422,422,422,49,265.67,9433.29,7/25/2021,16910 Magdeline Street,Credit Card,Shipped
423,423,423,61,137.29,691.14,2/16/2020,15093 Tomscot Plaza,Cash on Delivery,Delivered
424,424,424,24,296.26,7923.39,7/17/2021,7 Colorado Street,Cash on Delivery,Pending
425,425,425,31,248.32,2357.95,2/7/2020,368 Scofield Parkway,Credit Card,Shipped
426,426,426,84,996.57,5563.26,1/16/2020,1975 Corben Way,PayPal,Delivered
427,427,427,63,71.73,1821.51,5/3/2022,5 Rockefeller Parkway,PayPal,Processing
428,428,428,41,755.79,9571.95,10/31/2022,18591 Norway Maple Junction,PayPal,Delivered
429,429,429,13,408.52,3579.12,11/6/2022,731 Walton Road,Cash on Delivery,Pending
430,430,430,21,371.5,7651.25,4/19/2021,81309 Red Cloud Way,Credit Card,Pending
431,431,431,39,842.9,7099.22,9/12/2021,7404 Village Trail,Credit Card,Delivered
432,432,432,26,439.61,552.09,8/16/2022,38051 Ruskin Pass,PayPal,Delivered
433,433,433,39,501.93,8422.75,1/16/2022,1086 Sunnyside Plaza,Credit Card,Processing
434,434,434,59,143.7,3818.01,1/23/2021,205 Lakewood Gardens Trail,PayPal,Delivered
435,435,435,6,825.42,288.8,10/19/2022,153 Larry Drive,Credit Card,Shipped
436,436,436,85,283.43,5934.49,11/10/2022,6 Haas Park,Credit Card,Shipped
437,437,437,57,348.79,982.2,4/17/2022,524 Magdeline Way,PayPal,Pending
438,438,438,21,552.54,8404.76,10/6/2022,514 Fairfield Way,PayPal,Pending
439,439,439,71,630.96,6140.19,11/29/2020,8685 Oneill Avenue,Credit Card,Processing
440,440,440,14,121.07,175.93,12/15/2021,18 Clove Street,Cash on Delivery,Processing
441,441,441,6,38.26,8369.52,4/1/2022,6904 Summit Crossing,Cash on Delivery,Processing
442,442,442,21,786.57,7303.89,7/31/2021,96 Quincy Street,Credit Card,Delivered
443,443,443,19,890.64,2908.11,2/15/2020,6038 Warner Trail,Cash on Delivery,Delivered
444,444,444,92,916.21,1728.97,7/16/2022,175 Sundown Drive,Credit Card,Processing
445,445,445,91,434.15,1212.04,11/6/2020,13378 Upham Plaza,Cash on Delivery,Processing
446,446,446,67,398.8,804.25,6/9/2020,3708 Kipling Plaza,Cash on Delivery,Processing
447,447,447,5,504.08,8407.69,11/3/2022,7 Ramsey Point,Credit Card,Processing
448,448,448,66,837.75,6162.41,5/25/2020,58 Cascade Circle,PayPal,Shipped
449,449,449,27,603.94,3588.72,10/27/2021,9397 Sunfield Way,Credit Card,Shipped
450,450,450,98,119.61,1032.6,2/4/2022,8 Talisman Place,Credit Card,Delivered
451,451,451,44,317.27,9996.49,3/13/2022,7 Surrey Street,PayPal,Pending
452,452,452,63,937.36,8870.97,12/26/2020,0933 Northwestern Plaza,Credit Card,Delivered
453,453,453,56,803.34,585.92,10/31/2020,557 Oak Valley Road,Credit Card,Shipped
454,454,454,79,165.1,4906.39,8/15/2022,655 Summer Ridge Junction,Cash on Delivery,Shipped
455,455,455,97,277.7,5904.15,2/12/2021,8 Mariners Cove Terrace,Credit Card,Shipped
456,456,456,2,18.29,9754.44,9/16/2021,5 Division Avenue,PayPal,Pending
457,457,457,6,823.58,2020.18,6/3/2021,0 Sunbrook Junction,Credit Card,Delivered
458,458,458,16,224.4,8727.68,7/23/2022,4 Onsgard Place,Credit Card,Processing
459,459,459,67,872.23,8500.91,5/26/2020,36907 Superior Court,PayPal,Processing
460,460,460,10,719.02,4057.97,2/17/2020,1993 Jenna Hill,PayPal,Processing
461,461,461,43,502.52,2625.41,9/12/2022,54482 Charing Cross Street,Cash on Delivery,Processing
462,462,462,12,594.36,940.49,4/24/2020,963 Comanche Hill,Cash on Delivery,Shipped
463,463,463,95,282.68,6714.37,4/18/2022,9 Springview Place,Cash on Delivery,Processing
464,464,464,93,152.09,3246.95,6/4/2022,56872 Tennessee Drive,PayPal,Pending
465,465,465,40,497.72,5258.06,11/5/2022,9252 Bunting Circle,Credit Card,Delivered
466,466,466,5,767.85,1162.52,7/19/2022,253 Susan Avenue,PayPal,Pending
467,467,467,46,736.42,144.12,4/7/2021,1432 Parkside Circle,Credit Card,Pending
468,468,468,23,932.58,3620.46,8/23/2020,6 Rutledge Park,PayPal,Delivered
469,469,469,77,616.87,6474.29,2/9/2022,0360 Moulton Hill,Cash on Delivery,Processing
470,470,470,78,248.22,4910.68,11/1/2021,59 New Castle Plaza,PayPal,Shipped
471,471,471,8,557.32,1429.55,10/6/2021,49810 Armistice Point,Credit Card,Shipped
472,472,472,85,628.32,2508.16,12/23/2020,5 Alpine Point,Credit Card,Shipped
473,473,473,17,847.7,6539.17,8/6/2022,3527 Sycamore Crossing,Cash on Delivery,Delivered
474,474,474,72,108.84,3202.78,10/30/2021,08 Waywood Court,PayPal,Pending
475,475,475,22,682.82,8181.72,1/8/2022,95 Gina Way,Cash on Delivery,Delivered
476,476,476,52,427.87,7373.93,4/4/2022,547 Manley Lane,Credit Card,Delivered
477,477,477,94,429.19,40.07,6/7/2020,38626 Londonderry Park,PayPal,Pending
478,478,478,42,462.96,5520.98,6/23/2021,4509 Gateway Court,Credit Card,Processing
479,479,479,46,435.62,8930.49,1/12/2021,5 Dorton Park,Credit Card,Processing
480,480,480,74,552.68,2024.94,12/22/2022,76415 Lunder Circle,Credit Card,Processing
481,481,481,10,256.58,3009.92,8/6/2021,13067 Manufacturers Junction,PayPal,Shipped
482,482,482,5,219.49,5661.6,1/6/2020,867 Westend Park,Credit Card,Delivered
483,483,483,28,343.71,8094.39,9/4/2021,0337 Gulseth Pass,PayPal,Delivered
484,484,484,94,693.43,702.93,12/29/2020,57 Brickson Park Drive,Cash on Delivery,Pending
485,485,485,35,132.14,8837.25,5/31/2022,71 North Junction,PayPal,Delivered
486,486,486,94,733.1,6510.63,9/16/2021,1906 Victoria Trail,Cash on Delivery,Pending
487,487,487,30,252.73,9893.36,9/12/2022,376 Sachtjen Point,PayPal,Processing
488,488,488,5,859.04,9827.76,5/26/2020,35 Huxley Circle,Credit Card,Processing
489,489,489,56,361.68,4707.72,11/29/2022,2 Service Road,Credit Card,Processing
490,490,490,81,164.19,4819.84,1/18/2022,405 Sachtjen Hill,PayPal,Pending
491,491,491,45,194.87,7402.68,6/15/2020,9 Burning Wood Park,Cash on Delivery,Pending
492,492,492,32,695.14,7098.86,11/13/2021,2628 Washington Drive,PayPal,Delivered
493,493,493,40,843.25,2127.51,11/18/2021,059 Scott Center,Credit Card,Pending
494,494,494,27,489.05,7431.21,8/28/2020,38796 Bellgrove Avenue,PayPal,Pending
495,495,495,28,315.48,468.77,9/24/2022,0 Bashford Street,Cash on Delivery,Processing
496,496,496,34,394.19,1923.06,10/22/2022,34 Leroy Circle,Credit Card,Shipped
497,497,497,70,389.75,7922.91,8/10/2021,62 3rd Trail,Cash on Delivery,Shipped
498,498,498,78,634.27,6602.06,4/7/2020,30411 3rd Circle,Credit Card,Pending
499,499,499,60,833.24,9151.53,5/9/2022,668 Upham Court,Cash on Delivery,Delivered
500,500,500,64,475.7,6816.23,9/22/2020,0 Nancy Center,PayPal,Delivered
501,501,501,26,648.4,9717.78,7/29/2021,1 Dayton Place,PayPal,Delivered
502,502,502,32,278.56,2626.91,12/14/2021,1 Vernon Trail,PayPal,Processing
503,503,503,100,155.28,1195.3,6/14/2022,48224 Carey Crossing,Credit Card,Shipped
504,504,504,31,187.19,4738.56,11/9/2022,66 Sunfield Lane,Credit Card,Shipped
505,505,505,14,337.29,1616.12,6/4/2020,92304 Brown Way,PayPal,Pending
506,506,506,23,294.08,134.37,10/19/2022,3 Randy Parkway,Cash on Delivery,Pending
507,507,507,94,855.47,1295.91,9/9/2020,70 Dovetail Place,Cash on Delivery,Delivered
508,508,508,92,652.61,9695.5,2/15/2020,574 Northview Terrace,PayPal,Shipped
509,509,509,16,750.94,2611.84,3/28/2022,05 Trailsway Lane,PayPal,Pending
510,510,510,39,531.31,1748.9,1/9/2021,88212 Homewood Road,Cash on Delivery,Pending
511,511,511,90,642.25,6443.73,7/24/2021,536 Troy Way,Cash on Delivery,Processing
512,512,512,46,802.26,2293.85,1/25/2021,2262 Sheridan Terrace,PayPal,Shipped
513,513,513,59,447.43,4664.97,8/24/2020,45 Jay Drive,Credit Card,Shipped
514,514,514,18,626.64,5416.1,4/27/2021,24 Red Cloud Center,Credit Card,Shipped
515,515,515,39,241.91,7690.94,4/22/2020,3984 Leroy Crossing,Cash on Delivery,Processing
516,516,516,56,271.38,8569.2,3/19/2022,531 Independence Park,PayPal,Shipped
517,517,517,45,515.05,2713.66,7/15/2021,73483 Atwood Way,Cash on Delivery,Processing
518,518,518,51,517.77,3094.13,1/4/2022,3 Miller Hill,Cash on Delivery,Pending
519,519,519,65,337.09,8088.36,12/24/2022,4428 Basil Lane,Credit Card,Pending
520,520,520,96,286.86,2952.42,10/12/2020,154 Brown Way,PayPal,Pending
521,521,521,18,644.64,529.28,4/10/2020,1705 Old Gate Place,Credit Card,Pending
522,522,522,97,772.55,1354.4,12/26/2021,52 Sherman Center,PayPal,Pending
523,523,523,56,644.97,2466.53,8/21/2022,9 Bartelt Street,Credit Card,Shipped
524,524,524,62,326.5,8082.63,7/9/2021,355 Jenna Avenue,PayPal,Shipped
525,525,525,31,917.4,2704.02,1/16/2021,3 Meadow Ridge Court,Cash on Delivery,Processing
526,526,526,18,986.0,4838.18,8/27/2021,79 Ramsey Trail,Cash on Delivery,Delivered
527,527,527,59,233.71,2562.33,5/4/2022,13922 Roxbury Center,Cash on Delivery,Processing
528,528,528,82,434.88,943.08,7/29/2022,26091 Red Cloud Point,Cash on Delivery,Processing
529,529,529,35,88.79,1861.15,2/7/2022,24496 Coleman Way,Cash on Delivery,Delivered
530,530,530,28,642.31,6065.96,9/15/2020,2239 Evergreen Park,PayPal,Processing
531,531,531,29,761.21,7606.51,8/22/2021,4988 Arizona Circle,Credit Card,Processing
532,532,532,85,618.47,4924.74,10/30/2020,5 Dunning Drive,Credit Card,Processing
533,533,533,83,196.09,826.35,1/3/2022,40 Northview Terrace,PayPal,Shipped
534,534,534,37,31.02,4635.74,9/11/2022,12490 Weeping Birch Circle,PayPal,Shipped
535,535,535,53,818.52,5953.68,6/12/2021,24 Morning Circle,PayPal,Processing
536,536,536,36,535.52,7501.72,9/10/2021,1 Dunning Drive,PayPal,Pending
537,537,537,84,13.27,72.81,6/28/2021,3 Arapahoe Terrace,PayPal,Processing
538,538,538,76,20.7,7253.37,5/17/2022,6255 Bayside Hill,Credit Card,Pending
539,539,539,23,516.11,9169.29,6/13/2021,66609 Forster Circle,Cash on Delivery,Processing
540,540,540,86,790.34,3464.73,1/14/2021,3966 Veith Park,Cash on Delivery,Shipped
541,541,541,23,423.13,5744.35,2/21/2021,207 Waxwing Avenue,Cash on Delivery,Pending
542,542,542,18,672.66,2046.8,6/7/2021,05 Sachtjen Plaza,PayPal,Processing
543,543,543,64,740.48,7368.52,8/10/2020,83021 Russell Terrace,PayPal,Shipped
544,544,544,8,619.35,4297.15,3/11/2022,9 Blaine Circle,Credit Card,Shipped
545,545,545,54,494.25,7060.71,5/29/2021,04278 Acker Parkway,PayPal,Processing
546,546,546,36,879.76,4568.06,11/27/2022,328 Tennyson Lane,Cash on Delivery,Pending
547,547,547,15,17.73,8572.76,4/15/2020,5389 Butternut Junction,Cash on Delivery,Pending
548,548,548,99,585.45,3543.48,8/31/2020,368 Grasskamp Crossing,PayPal,Delivered
549,549,549,32,542.35,8692.85,10/31/2022,45 Sunbrook Center,Cash on Delivery,Pending
550,550,550,15,8.05,3317.38,11/20/2022,11464 Porter Street,Cash on Delivery,Delivered
551,551,551,2,447.28,3165.68,2/20/2020,08 Fairfield Road,Credit Card,Delivered
552,552,552,37,142.33,3883.02,9/17/2021,1050 Hoffman Plaza,Cash on Delivery,Processing
553,553,553,59,865.73,5260.92,12/25/2021,0029 Duke Street,Credit Card,Pending
554,554,554,31,877.44,1417.89,1/10/2022,8 Stuart Crossing,Credit Card,Shipped
555,555,555,32,816.19,3634.36,1/12/2021,88348 Monica Lane,Cash on Delivery,Processing
556,556,556,75,174.87,4428.42,2/17/2022,5275 Packers Avenue,PayPal,Delivered
557,557,557,64,116.73,3690.31,2/20/2021,409 Sugar Junction,Cash on Delivery,Shipped
558,558,558,70,845.82,2287.19,1/14/2020,50 Pierstorff Plaza,PayPal,Delivered
559,559,559,74,850.1,7645.7,10/17/2020,9692 Arizona Avenue,Cash on Delivery,Processing
560,560,560,23,78.11,1985.47,8/29/2020,5511 Shasta Way,PayPal,Pending
561,561,561,12,674.54,4681.0,3/21/2021,8 Mockingbird Parkway,Credit Card,Processing
562,562,562,16,432.12,2588.69,3/8/2020,9 Melrose Way,PayPal,Shipped
563,563,563,40,337.21,4994.55,5/6/2022,740 Rigney Avenue,Cash on Delivery,Shipped
564,564,564,89,962.76,4850.77,3/21/2022,18184 Del Sol Pass,PayPal,Processing
565,565,565,90,178.56,7854.47,11/14/2022,36 Victoria Street,Cash on Delivery,Shipped
566,566,566,85,584.32,1772.72,4/14/2020,9008 Stang Lane,Credit Card,Shipped
567,567,567,19,73.13,9454.14,7/3/2021,07 Shasta Road,Credit Card,Pending
568,568,568,7,903.99,3559.15,2/17/2021,5158 Ridge Oak Plaza,PayPal,Shipped
569,569,569,45,893.83,2464.01,11/24/2020,0 Lindbergh Alley,PayPal,Shipped
570,570,570,55,154.5,7735.46,12/15/2020,21 Clarendon Avenue,Credit Card,Delivered
571,571,571,90,993.58,2659.99,1/8/2022,9 Muir Parkway,Credit Card,Delivered
572,572,572,10,859.74,8361.61,4/24/2020,4672 Anthes Alley,Credit Card,Shipped
573,573,573,66,374.27,88.42,8/8/2022,7599 Scofield Junction,Cash on Delivery,Delivered
574,574,574,45,603.54,9983.87,5/15/2021,1729 Jana Trail,Credit Card,Shipped
575,575,575,17,361.13,3769.51,7/21/2021,39691 Summit Place,Cash on Delivery,Pending
576,576,576,31,660.69,9441.4,11/9/2021,787 South Center,Credit Card,Shipped
577,577,577,98,795.23,2449.43,9/27/2020,0980 Delaware Parkway,PayPal,Pending
578,578,578,77,507.87,1394.03,8/6/2020,91 Autumn Leaf Lane,PayPal,Shipped
579,579,579,66,519.58,2163.27,5/14/2022,012 Eagan Drive,PayPal,Processing
580,580,580,20,125.4,9919.2,10/22/2021,02416 Pine View Court,PayPal,Delivered
581,581,581,52,373.77,633.78,10/12/2021,32642 Twin Pines Road,PayPal,Shipped
582,582,582,63,151.83,5526.79,9/17/2022,2 Esker Alley,PayPal,Delivered
583,583,583,98,952.19,1834.44,7/30/2022,0 Moland Plaza,Credit Card,Delivered
584,584,584,9,444.98,9830.47,1/6/2021,70302 Atwood Crossing,Credit Card,Processing
585,585,585,73,108.66,9682.2,6/13/2021,478 Schlimgen Hill,Credit Card,Delivered
586,586,586,33,725.9,945.86,10/4/2022,710 Hallows Court,PayPal,Processing
587,587,587,39,356.54,942.28,2/1/2021,0 Mesta Road,PayPal,Shipped
588,588,588,79,328.93,2870.9,10/31/2022,118 Montana Park,Credit Card,Pending
589,589,589,5,198.34,7868.79,5/29/2021,8 Mallard Road,Cash on Delivery,Processing
590,590,590,93,416.32,4231.05,9/30/2021,5092 Portage Crossing,Cash on Delivery,Processing
591,591,591,9,484.48,6241.82,8/15/2022,25 Fisk Lane,PayPal,Pending
592,592,592,3,205.67,7621.11,1/12/2022,11 Hanover Circle,Cash on Delivery,Processing
593,593,593,27,222.89,5160.87,12/11/2021,3870 Lillian Place,Credit Card,Pending
594,594,594,3,314.56,2711.12,12/16/2020,54 Rusk Hill,Cash on Delivery,Shipped
595,595,595,41,730.95,6248.73,9/17/2020,61 Jay Pass,Credit Card,Pending
596,596,596,10,798.92,8358.85,12/29/2021,4 Anhalt Way,PayPal,Shipped
597,597,597,100,677.82,5766.62,11/12/2020,9875 Prairieview Parkway,Cash on Delivery,Processing
598,598,598,88,283.32,3159.62,8/31/2021,844 Anzinger Parkway,Cash on Delivery,Pending
599,599,599,25,81.08,5059.21,11/4/2021,45174 Blackbird Court,Cash on Delivery,Delivered
600,600,600,90,916.14,8125.06,4/6/2020,35149 Lawn Place,Credit Card,Pending
601,601,601,10,119.5,9684.51,2/17/2022,3 Tennessee Plaza,Credit Card,Pending
602,602,602,78,335.31,9639.46,6/5/2021,6 Bartelt Alley,PayPal,Delivered
603,603,603,57,326.33,4848.2,1/5/2020,19 Pankratz Circle,Cash on Delivery,Pending
604,604,604,54,542.38,9276.43,1/20/2022,975 Prentice Way,PayPal,Pending
605,605,605,57,57.31,7785.33,9/13/2021,95222 Arkansas Lane,Credit Card,Shipped
606,606,606,33,620.62,3468.82,3/26/2021,7 Tennessee Court,Cash on Delivery,Processing
607,607,607,62,10.69,6945.66,6/23/2022,7498 Algoma Drive,Credit Card,Shipped
608,608,608,54,5.08,7350.62,12/20/2021,6 3rd Point,Credit Card,Delivered
609,609,609,25,63.47,1344.95,10/30/2021,79731 Merrick Road,Cash on Delivery,Delivered
610,610,610,72,267.04,2141.18,4/12/2022,4016 Cardinal Court,PayPal,Pending
611,611,611,2,473.09,693.14,7/9/2020,7572 Debra Hill,Credit Card,Pending
612,612,612,68,228.56,2671.06,9/4/2021,6720 Badeau Place,Cash on Delivery,Shipped
613,613,613,39,994.05,9447.4,7/4/2020,7861 Warner Junction,PayPal,Delivered
614,614,614,51,21.4,8072.46,7/4/2022,0736 Union Court,Credit Card,Pending
615,615,615,68,375.3,8219.95,2/16/2022,055 Susan Place,Credit Card,Processing
616,616,616,3,151.33,7472.78,4/9/2021,0916 Troy Avenue,PayPal,Shipped
617,617,617,75,514.85,9755.1,7/26/2020,3 Sherman Junction,PayPal,Delivered
618,618,618,93,201.72,8081.98,9/9/2021,9 Grasskamp Street,Credit Card,Processing
619,619,619,39,589.61,2852.87,2/7/2022,7 Haas Plaza,Cash on Delivery,Pending
620,620,620,78,543.04,1053.06,11/16/2022,0 Pennsylvania Hill,PayPal,Shipped
621,621,621,48,611.87,4414.77,3/14/2020,0348 Oakridge Parkway,Credit Card,Shipped
622,622,622,90,83.89,8179.45,8/4/2020,43555 Almo Alley,Credit Card,Shipped
623,623,623,80,368.47,8673.45,8/10/2020,999 Kenwood Place,Credit Card,Pending
624,624,624,60,233.31,9044.03,1/9/2021,272 Talmadge Circle,Credit Card,Processing
625,625,625,6,632.93,3771.03,5/19/2021,1 Vermont Hill,PayPal,Delivered
626,626,626,32,210.67,1565.12,6/29/2022,03 Longview Lane,Credit Card,Processing
627,627,627,40,828.01,9519.78,1/3/2020,45 Tony Hill,Cash on Delivery,Pending
628,628,628,2,563.76,5602.69,2/24/2022,8138 Browning Alley,Credit Card,Pending
629,629,629,58,327.24,400.64,1/5/2022,844 Cherokee Point,Credit Card,Shipped
630,630,630,72,498.43,753.16,6/12/2021,84507 Thierer Point,PayPal,Processing
631,631,631,37,144.78,3697.39,6/13/2022,4377 Packers Hill,PayPal,Delivered
632,632,632,42,354.24,7231.31,5/9/2022,81 Buhler Lane,Credit Card,Shipped
633,633,633,78,342.29,3141.27,3/6/2021,35945 Old Shore Point,PayPal,Processing
634,634,634,75,692.26,8170.01,5/30/2022,39963 Hoffman Circle,Cash on Delivery,Shipped
635,635,635,97,185.98,2156.29,4/6/2020,162 Havey Street,Cash on Delivery,Delivered
636,636,636,80,537.36,9395.1,8/2/2022,90 Carberry Lane,PayPal,Pending
637,637,637,94,36.11,6672.66,8/3/2020,194 Pine View Pass,PayPal,Processing
638,638,638,67,617.25,8615.86,3/25/2020,761 Rusk Point,Cash on Delivery,Shipped
639,639,639,36,963.53,4556.46,4/14/2022,02526 Miller Circle,Cash on Delivery,Shipped
640,640,640,82,407.55,3366.69,3/26/2020,3 Susan Way,PayPal,Pending
641,641,641,77,320.54,3834.41,4/18/2021,95627 Talmadge Trail,Credit Card,Processing
642,642,642,8,909.53,3778.92,6/23/2021,2881 Elgar Parkway,PayPal,Shipped
643,643,643,92,581.12,6002.07,5/9/2020,9536 Swallow Pass,Credit Card,Processing
644,644,644,60,522.1,9031.23,10/9/2020,9 Leroy Court,PayPal,Delivered
645,645,645,61,482.38,6746.54,4/15/2022,13 Anderson Road,Cash on Delivery,Delivered
646,646,646,51,656.77,4762.29,2/9/2022,8360 Vera Avenue,Credit Card,Processing
647,647,647,3,556.62,4442.45,3/1/2021,345 Anhalt Road,Cash on Delivery,Processing
648,648,648,25,789.45,3938.32,3/6/2021,6404 Bayside Way,PayPal,Pending
649,649,649,4,262.58,3801.27,6/12/2022,870 Glacier Hill Place,Cash on Delivery,Processing
650,650,650,76,770.72,8568.64,12/5/2022,08 Menomonie Way,Cash on Delivery,Shipped
651,651,651,20,755.49,4748.95,8/22/2021,2132 Calypso Drive,PayPal,Processing
652,652,652,39,575.79,1648.07,1/17/2022,3656 Myrtle Place,PayPal,Delivered
653,653,653,45,772.09,7265.11,10/31/2020,4 Bunting Center,Credit Card,Pending
654,654,654,10,25.22,2107.24,10/8/2020,78716 Coleman Center,Cash on Delivery,Delivered
655,655,655,51,552.6,5809.43,12/18/2020,01 Loeprich Alley,Cash on Delivery,Pending
656,656,656,20,403.04,6108.74,10/16/2021,4152 Ludington Street,Credit Card,Processing
657,657,657,72,947.1,4570.25,8/23/2020,73591 Carioca Alley,Cash on Delivery,Processing
658,658,658,22,860.51,2995.67,6/21/2020,5336 Northfield Way,Credit Card,Shipped
659,659,659,89,8.93,5444.99,6/25/2020,9 Norway Maple Court,PayPal,Processing
660,660,660,2,322.18,6208.79,2/19/2021,30 Hermina Road,Cash on Delivery,Shipped
661,661,661,24,7.4,3473.76,6/3/2022,25 Rusk Avenue,Credit Card,Processing
662,662,662,89,508.38,8177.32,7/19/2022,4819 Toban Lane,Credit Card,Shipped
663,663,663,73,865.72,7416.32,7/11/2020,2 Sullivan Hill,Credit Card,Pending
664,664,664,68,794.81,3720.19,2/6/2022,30565 Michigan Terrace,Cash on Delivery,Delivered
665,665,665,80,459.65,905.06,6/21/2020,12067 Division Avenue,Cash on Delivery,Pending
666,666,666,10,593.11,3342.8,12/13/2022,53535 Golf Course Way,PayPal,Pending
667,667,667,13,548.23,2853.07,2/24/2021,8 Westport Crossing,Cash on Delivery,Pending
668,668,668,94,139.81,6116.39,10/7/2022,1 West Lane,PayPal,Delivered
669,669,669,11,351.78,5129.0,9/15/2021,6467 Bellgrove Parkway,Cash on Delivery,Delivered
670,670,670,56,7.31,5968.24,9/11/2021,37 Blaine Park,PayPal,Processing
671,671,671,68,828.47,5471.91,4/27/2021,85155 Upham Trail,PayPal,Shipped
672,672,672,73,894.19,625.22,5/18/2021,4 Schlimgen Way,Cash on Delivery,Pending
673,673,673,98,40.84,3559.15,11/16/2021,3 Russell Lane,Cash on Delivery,Pending
674,674,674,85,129.26,623.05,3/19/2022,257 Lighthouse Bay Parkway,Cash on Delivery,Processing
675,675,675,88,264.76,2906.2,2/23/2021,8300 Novick Street,Cash on Delivery,Pending
676,676,676,9,371.78,3586.84,1/14/2021,5375 Waxwing Center,Cash on Delivery,Processing
677,677,677,36,512.28,6610.94,2/19/2021,52 Old Gate Junction,PayPal,Processing
678,678,678,100,957.06,8602.35,9/17/2020,2614 Stone Corner Junction,PayPal,Delivered
679,679,679,79,490.55,1789.36,6/30/2022,37 Rockefeller Terrace,PayPal,Delivered
680,680,680,2,272.59,7572.05,5/6/2021,7 Moulton Hill,Credit Card,Processing
681,681,681,31,422.68,8055.98,9/21/2021,15415 Ludington Junction,Cash on Delivery,Shipped
682,682,682,22,735.22,4884.51,12/8/2021,8 Hoepker Pass,Credit Card,Processing
683,683,683,2,971.35,2860.43,7/29/2022,0059 Lunder Hill,Cash on Delivery,Shipped
684,684,684,23,407.54,2402.89,1/31/2020,9825 Carberry Circle,Cash on Delivery,Delivered
685,685,685,75,15.12,2935.99,2/12/2020,270 New Castle Drive,PayPal,Delivered
686,686,686,76,797.27,5540.97,11/21/2022,83514 Erie Place,PayPal,Pending
687,687,687,6,499.84,8202.07,6/14/2022,414 Northland Center,Cash on Delivery,Delivered
688,688,688,38,955.27,9255.81,2/13/2021,61014 Vermont Point,Cash on Delivery,Shipped
689,689,689,50,665.89,4432.9,2/11/2022,72050 Esch Street,Credit Card,Processing
690,690,690,11,613.07,2496.68,1/7/2021,65 Everett Plaza,Cash on Delivery,Pending
691,691,691,97,391.11,3675.98,12/17/2020,6673 Bashford Street,PayPal,Shipped
692,692,692,95,543.14,8800.82,11/11/2020,4 Valley Edge Pass,Credit Card,Shipped
693,693,693,58,463.63,2276.91,5/23/2021,73 Bayside Avenue,PayPal,Pending
694,694,694,98,239.39,4972.58,11/16/2020,40 Dexter Alley,Cash on Delivery,Processing
695,695,695,30,177.91,7208.35,9/18/2022,411 Melvin Road,PayPal,Delivered
696,696,696,49,633.02,4625.11,1/23/2021,7 Badeau Lane,Cash on Delivery,Delivered
697,697,697,5,692.14,3469.21,12/16/2021,9 Killdeer Drive,PayPal,Delivered
698,698,698,7,327.42,8960.83,4/20/2022,7820 Sloan Way,PayPal,Pending
699,699,699,78,533.09,6271.13,12/3/2020,757 Spenser Alley,Cash on Delivery,Processing
700,700,700,32,866.71,6401.62,4/30/2020,22 Grim Parkway,PayPal,Processing
701,701,701,19,602.54,5992.05,7/9/2020,15688 Stone Corner Way,Credit Card,Delivered
702,702,702,16,787.96,7943.5,5/22/2022,95073 Rutledge Road,Cash on Delivery,Pending
703,703,703,92,989.41,7352.51,6/28/2020,3281 Arizona Place,PayPal,Shipped
704,704,704,17,142.8,4463.54,5/8/2022,60984 Hudson Alley,PayPal,Shipped
705,705,705,78,359.94,2089.51,6/25/2022,4 Kinsman Center,Cash on Delivery,Shipped
706,706,706,5,107.63,3290.49,11/22/2020,48 Mifflin Center,Cash on Delivery,Shipped
707,707,707,11,459.74,4868.75,6/18/2020,35332 Hintze Terrace,Cash on Delivery,Shipped
708,708,708,18,360.33,1666.84,1/13/2022,25868 Boyd Way,Credit Card,Delivered
709,709,709,13,775.26,7864.65,9/14/2021,64 Doe Crossing Drive,Credit Card,Processing
710,710,710,86,50.49,5660.21,5/16/2021,1 Oakridge Park,Cash on Delivery,Processing
711,711,711,82,473.26,4576.56,6/26/2020,4 Hazelcrest Street,Credit Card,Delivered
712,712,712,36,546.45,1931.74,1/17/2021,2 1st Court,PayPal,Delivered
713,713,713,51,645.86,9819.99,9/8/2021,3 Spenser Alley,Credit Card,Pending
714,714,714,40,306.44,6939.44,8/30/2022,1 Porter Plaza,PayPal,Processing
715,715,715,33,14.23,6183.89,2/16/2021,21706 Lien Circle,Credit Card,Shipped
716,716,716,44,817.99,4805.56,10/16/2020,662 Cascade Court,PayPal,Processing
717,717,717,45,840.75,7460.96,11/29/2021,24 Aberg Drive,PayPal,Processing
718,718,718,9,700.88,690.07,8/5/2021,1 Nevada Crossing,Cash on Delivery,Shipped
719,719,719,18,5.61,3596.33,12/12/2020,8 Hovde Place,PayPal,Shipped
720,720,720,6,663.11,5486.03,10/12/2022,444 Rieder Parkway,PayPal,Processing
721,721,721,18,597.31,6269.39,8/8/2022,2013 Cottonwood Pass,Cash on Delivery,Shipped
722,722,722,73,398.29,2902.54,8/26/2020,5 Trailsway Alley,Credit Card,Delivered
723,723,723,30,945.55,4309.31,8/21/2020,53 Texas Park,PayPal,Shipped
724,724,724,27,269.35,3236.64,8/21/2020,57179 Anniversary Plaza,Credit Card,Delivered
725,725,725,75,942.55,6411.7,7/25/2020,85 Mitchell Junction,Cash on Delivery,Pending
726,726,726,81,992.79,5968.49,4/21/2021,9358 Summer Ridge Parkway,Credit Card,Processing
727,727,727,3,628.5,9844.5,1/19/2020,34 Fairview Place,Credit Card,Shipped
728,728,728,98,719.0,3785.36,1/17/2020,6 Knutson Hill,PayPal,Shipped
729,729,729,89,149.98,3321.15,9/25/2022,358 Eagle Crest Parkway,Credit Card,Delivered
730,730,730,58,809.44,9251.25,11/18/2021,4360 Duke Avenue,PayPal,Processing
731,731,731,41,535.0,2910.6,11/21/2020,760 Harbort Place,PayPal,Pending
732,732,732,42,144.03,7178.45,8/15/2021,6 Hazelcrest Point,Cash on Delivery,Pending
733,733,733,98,424.43,1430.24,12/26/2021,650 Hudson Park,Credit Card,Processing
734,734,734,6,178.52,3868.9,5/29/2020,70992 Stuart Avenue,Credit Card,Pending
735,735,735,76,799.05,934.41,2/22/2021,36671 Arizona Terrace,Credit Card,Pending
736,736,736,29,112.35,3344.42,2/8/2020,46925 Helena Road,PayPal,Delivered
737,737,737,61,489.43,626.75,8/14/2021,304 Carey Hill,Cash on Delivery,Delivered
738,738,738,75,216.45,1851.05,5/10/2022,104 Mayer Drive,PayPal,Processing
739,739,739,22,895.92,3060.79,1/30/2022,80795 Corry Park,Cash on Delivery,Pending
740,740,740,65,529.97,5900.63,9/28/2021,11 Corry Junction,PayPal,Shipped
741,741,741,20,846.6,3515.8,5/8/2022,1441 Northport Alley,PayPal,Shipped
742,742,742,32,0.11,687.2,9/19/2022,25 Oak Valley Junction,Cash on Delivery,Pending
743,743,743,36,825.06,3676.29,2/28/2020,952 Laurel Street,PayPal,Delivered
744,744,744,80,250.78,3158.96,1/25/2022,75896 Barby Point,Cash on Delivery,Shipped
745,745,745,8,611.69,7067.85,11/28/2020,8 Kropf Junction,Credit Card,Processing
746,746,746,38,204.63,1869.57,5/24/2020,26 Gina Street,PayPal,Shipped
747,747,747,40,800.52,135.16,4/5/2022,6 Petterle Point,PayPal,Pending
748,748,748,77,424.95,7707.73,2/27/2022,049 Tennyson Pass,Credit Card,Shipped
749,749,749,44,385.66,9685.82,10/21/2020,53 Lunder Street,Credit Card,Pending
750,750,750,10,806.51,6402.91,6/25/2022,83088 Summit Court,Credit Card,Pending
751,751,751,70,651.45,1153.05,1/30/2021,50491 Superior Drive,Credit Card,Pending
752,752,752,3,609.23,7712.11,12/15/2021,682 Vera Plaza,Credit Card,Pending
753,753,753,40,22.66,8473.85,10/18/2021,41676 Cody Alley,PayPal,Processing
754,754,754,100,486.48,7097.03,10/28/2021,0 Southridge Hill,PayPal,Delivered
755,755,755,35,21.72,5146.03,6/4/2020,3814 Schmedeman Road,Credit Card,Processing
756,756,756,85,369.67,5761.07,11/20/2022,910 Atwood Way,Credit Card,Shipped
757,757,757,26,965.16,4887.84,1/25/2022,1 Judy Hill,Cash on Delivery,Shipped
758,758,758,40,379.5,8793.35,4/2/2022,41957 Magdeline Trail,Cash on Delivery,Processing
759,759,759,66,43.59,1124.69,1/17/2021,04746 Columbus Terrace,Cash on Delivery,Delivered
760,760,760,59,762.92,8463.51,5/3/2020,11 Di Loreto Alley,Cash on Delivery,Pending
761,761,761,25,207.73,6385.49,1/27/2022,224 Tony Court,Cash on Delivery,Shipped
762,762,762,3,256.95,440.37,2/27/2021,945 Anhalt Hill,PayPal,Shipped
763,763,763,12,381.61,1360.81,4/14/2022,60 Schmedeman Lane,Cash on Delivery,Delivered
764,764,764,90,66.98,7975.91,4/6/2022,537 Dottie Avenue,Credit Card,Delivered
765,765,765,46,725.48,7358.07,3/31/2021,7 Cherokee Road,Credit Card,Shipped
766,766,766,96,44.37,8678.03,3/28/2022,5202 Elgar Terrace,Credit Card,Processing
767,767,767,51,365.92,6294.55,10/18/2021,93 Fairview Crossing,Credit Card,Pending
768,768,768,66,374.89,5979.07,10/11/2021,166 Gateway Crossing,Credit Card,Shipped
769,769,769,92,632.13,3726.87,4/20/2021,1 Shopko Circle,PayPal,Shipped
770,770,770,5,768.52,7131.66,2/12/2022,26360 Mendota Park,Cash on Delivery,Pending
771,771,771,73,516.29,6201.42,4/5/2020,0 Oneill Parkway,Cash on Delivery,Shipped
772,772,772,23,335.14,4897.8,3/13/2021,56 Ramsey Pass,Cash on Delivery,Pending
773,773,773,24,724.89,8915.55,11/29/2020,05994 Crowley Plaza,PayPal,Pending
774,774,774,9,962.02,9285.97,9/15/2021,4 Division Point,Credit Card,Processing
775,775,775,73,891.76,6173.9,6/20/2020,3032 Butterfield Trail,Credit Card,Delivered
776,776,776,94,846.51,7684.97,7/15/2021,610 Holmberg Court,Credit Card,Shipped
777,777,777,23,173.61,2521.22,9/29/2022,213 Kipling Way,Cash on Delivery,Delivered
778,778,778,35,448.45,4181.32,8/21/2020,0 Hoffman Circle,Credit Card,Pending
779,779,779,35,188.13,386.45,10/26/2020,946 Dovetail Terrace,Credit Card,Pending
780,780,780,46,371.49,2147.3,6/1/2020,1753 Waywood Pass,Credit Card,Processing
781,781,781,80,506.42,9903.75,11/2/2020,450 Union Park,PayPal,Processing
782,782,782,21,616.59,1245.33,10/23/2021,8 Melby Junction,PayPal,Pending
783,783,783,83,34.33,404.51,5/23/2022,32933 Clove Avenue,Cash on Delivery,Processing
784,784,784,6,461.94,7923.35,12/7/2021,143 Acker Avenue,PayPal,Pending
785,785,785,72,557.73,9430.99,3/31/2021,8075 Cody Crossing,PayPal,Processing
786,786,786,30,973.16,7731.33,12/8/2022,036 Thackeray Circle,Credit Card,Shipped
787,787,787,13,680.22,7210.04,3/27/2020,14659 Waubesa Drive,Cash on Delivery,Shipped
788,788,788,47,895.53,1461.69,9/9/2022,80 Old Gate Trail,Credit Card,Processing
789,789,789,3,982.95,2616.57,7/5/2020,594 Fairfield Center,PayPal,Shipped
790,790,790,4,473.56,3793.92,6/25/2020,415 Independence Road,Cash on Delivery,Pending
791,791,791,91,92.64,8005.21,5/31/2020,2 Jana Circle,PayPal,Processing
792,792,792,3,462.69,9107.54,9/1/2021,3971 Corben Alley,Cash on Delivery,Processing
793,793,793,77,519.37,6557.31,4/12/2022,3406 Myrtle Road,Credit Card,Pending
794,794,794,39,820.95,716.91,3/21/2020,54 6th Park,Credit Card,Pending
795,795,795,29,477.51,7802.65,5/3/2022,297 Nobel Way,PayPal,Delivered
796,796,796,55,783.33,4219.94,2/7/2022,71 Westerfield Way,PayPal,Shipped
797,797,797,75,513.95,1132.24,8/7/2020,74463 American Ash Lane,Credit Card,Processing
798,798,798,71,883.96,7977.61,7/18/2020,09 Russell Drive,Credit Card,Processing
799,799,799,31,443.48,5719.93,8/24/2021,19490 Beilfuss Road,Cash on Delivery,Shipped
800,800,800,78,540.39,6652.76,12/14/2021,85 Tennessee Crossing,Cash on Delivery,Pending
801,801,801,43,61.89,4295.36,10/9/2022,548 Delaware Parkway,Cash on Delivery,Delivered
802,802,802,43,849.09,8829.92,3/8/2020,6877 Pierstorff Parkway,Credit Card,Delivered
803,803,803,51,203.41,4812.39,9/4/2021,89 Maple Parkway,Cash on Delivery,Shipped
804,804,804,63,509.97,6660.98,2/15/2021,6 Michigan Avenue,Cash on Delivery,Delivered
805,805,805,27,194.17,8365.55,12/18/2020,33240 Fairview Crossing,Cash on Delivery,Delivered
806,806,806,91,399.14,2725.45,1/7/2021,121 Redwing Plaza,PayPal,Processing
807,807,807,63,875.87,8983.74,11/14/2020,62127 Forest Run Park,Cash on Delivery,Pending
808,808,808,2,831.14,7515.21,4/13/2021,1453 Judy Street,Credit Card,Delivered
809,809,809,19,480.83,5029.65,5/10/2020,7725 Veith Drive,Credit Card,Processing
810,810,810,98,211.01,2550.3,8/26/2020,97395 Farmco Circle,Cash on Delivery,Delivered
811,811,811,7,488.64,5188.63,12/6/2022,5 Hoard Trail,PayPal,Processing
812,812,812,38,81.19,3213.58,10/19/2020,5431 Holmberg Court,PayPal,Shipped
813,813,813,45,320.55,8176.36,3/24/2021,44574 Graedel Drive,PayPal,Shipped
814,814,814,100,516.57,8999.02,10/24/2022,18209 Mallory Street,Cash on Delivery,Processing
815,815,815,39,974.41,2579.11,9/3/2020,773 Dorton Avenue,PayPal,Processing
816,816,816,24,619.99,5056.73,9/23/2020,41 International Lane,PayPal,Delivered
817,817,817,32,663.62,4507.47,9/8/2021,0421 Northland Drive,Credit Card,Delivered
818,818,818,2,574.23,5373.16,12/12/2022,5 Thompson Avenue,Credit Card,Delivered
819,819,819,22,233.75,2639.24,2/14/2021,1916 Crescent Oaks Pass,Credit Card,Shipped
820,820,820,81,815.31,6329.81,7/17/2022,72547 Pearson Trail,PayPal,Processing
821,821,821,58,422.6,4796.6,9/5/2020,49197 Debra Place,Cash on Delivery,Pending
822,822,822,61,934.79,8311.84,9/15/2020,99 Mcguire Hill,Credit Card,Processing
823,823,823,87,363.89,6125.33,7/11/2020,2 Jana Hill,PayPal,Processing
824,824,824,42,776.25,9662.84,4/20/2020,21 Goodland Parkway,Cash on Delivery,Shipped
825,825,825,14,529.78,3933.36,4/22/2020,8 Banding Center,Cash on Delivery,Pending
826,826,826,27,271.16,6778.81,5/2/2020,9353 Pine View Pass,PayPal,Pending
827,827,827,52,357.81,9244.9,11/23/2021,6215 Michigan Trail,Credit Card,Pending
828,828,828,44,268.06,7501.57,1/13/2020,81443 Bashford Street,PayPal,Shipped
829,829,829,99,927.98,1122.37,10/17/2022,703 Nobel Way,PayPal,Pending
830,830,830,86,606.71,5518.52,6/14/2021,966 Hoffman Circle,PayPal,Delivered
831,831,831,31,505.37,9711.26,2/14/2020,27162 Dennis Court,Credit Card,Processing
832,832,832,5,486.93,5601.02,5/16/2022,49503 Moland Way,Credit Card,Shipped
833,833,833,61,911.09,549.58,8/25/2020,63409 Main Way,PayPal,Pending
834,834,834,4,864.02,8237.36,11/29/2021,8750 Texas Street,Credit Card,Delivered
835,835,835,37,900.81,9341.47,2/21/2022,0903 Anniversary Parkway,Cash on Delivery,Shipped
836,836,836,5,407.58,958.08,12/18/2021,179 Bartillon Point,Credit Card,Pending
837,837,837,33,929.18,2132.57,12/21/2022,17 Haas Terrace,PayPal,Shipped
838,838,838,84,974.25,3350.25,9/14/2021,2 Hoard Terrace,Credit Card,Pending
839,839,839,82,246.93,1081.19,12/23/2021,57 Mitchell Place,Credit Card,Shipped
840,840,840,47,997.47,8288.95,10/13/2022,7 Magdeline Court,Credit Card,Pending
841,841,841,70,658.19,4261.86,8/19/2022,2544 Ronald Regan Street,Cash on Delivery,Delivered
842,842,842,31,12.24,79.18,3/25/2021,6577 Dixon Terrace,Credit Card,Pending
843,843,843,84,947.44,8978.19,9/21/2021,5 7th Park,PayPal,Delivered
844,844,844,5,794.91,4366.89,2/15/2020,5583 Daystar Drive,Cash on Delivery,Delivered
845,845,845,60,596.85,2988.21,6/3/2022,97987 Thompson Road,PayPal,Pending
846,846,846,98,16.69,9346.26,9/12/2022,225 Golf Pass,PayPal,Pending
847,847,847,71,769.96,14.69,6/10/2021,5171 Sunnyside Lane,Cash on Delivery,Delivered
848,848,848,48,783.54,9726.49,3/30/2020,44557 Corben Alley,Cash on Delivery,Pending
849,849,849,85,342.93,3329.88,10/30/2020,06169 Northwestern Center,Credit Card,Processing
850,850,850,35,446.87,8926.69,7/7/2020,3748 Meadow Valley Center,Cash on Delivery,Pending
851,851,851,82,954.06,8179.88,5/12/2020,892 Florence Avenue,PayPal,Delivered
852,852,852,26,215.9,5653.02,2/22/2022,32816 Dakota Way,Credit Card,Pending
853,853,853,48,239.75,5078.5,9/3/2020,0705 Armistice Hill,Credit Card,Pending
854,854,854,6,0.16,1682.44,2/13/2022,289 Fair Oaks Hill,PayPal,Delivered
855,855,855,52,161.01,1431.17,12/2/2022,1720 Nobel Court,Cash on Delivery,Delivered
856,856,856,97,834.75,30.45,4/12/2020,73231 Cambridge Avenue,Credit Card,Delivered
857,857,857,12,293.18,2201.68,2/26/2020,5558 Esker Court,Cash on Delivery,Processing
858,858,858,69,210.75,5564.46,5/4/2021,575 Claremont Circle,PayPal,Processing
859,859,859,88,348.11,7318.41,2/12/2022,7 Dennis Way,Credit Card,Shipped
860,860,860,48,389.63,1884.15,3/5/2020,6109 Melby Place,PayPal,Delivered
861,861,861,85,487.69,25.1,6/26/2022,738 Elgar Place,Cash on Delivery,Delivered
862,862,862,30,455.3,9480.03,3/21/2021,7736 New Castle Pass,Credit Card,Shipped
863,863,863,67,241.71,9241.23,3/27/2020,69 Schlimgen Way,PayPal,Pending
864,864,864,69,560.64,9456.62,11/4/2021,978 Hanover Alley,PayPal,Delivered
865,865,865,19,535.27,61.39,12/18/2021,5 Surrey Drive,PayPal,Shipped
866,866,866,94,718.81,6714.91,12/1/2022,05569 Reindahl Pass,Credit Card,Delivered
867,867,867,43,749.52,7463.49,1/22/2022,3620 Northview Way,Credit Card,Shipped
868,868,868,59,60.27,7289.22,10/18/2021,67 Elgar Trail,Cash on Delivery,Pending
869,869,869,25,267.58,4715.35,3/16/2021,7900 Forster Plaza,Credit Card,Delivered
870,870,870,100,313.51,510.62,8/9/2021,34 Susan Parkway,Credit Card,Shipped
871,871,871,70,664.37,4671.93,2/3/2022,32 Killdeer Way,PayPal,Shipped
872,872,872,13,340.88,3222.29,11/21/2022,4 Melrose Trail,Cash on Delivery,Delivered
873,873,873,19,307.45,7806.28,10/31/2021,3721 Derek Trail,Cash on Delivery,Processing
874,874,874,77,763.59,8860.82,4/23/2021,021 Del Sol Circle,Cash on Delivery,Shipped
875,875,875,18,430.48,9623.11,3/9/2022,6 Blackbird Plaza,Credit Card,Shipped
876,876,876,57,253.27,5146.47,6/17/2020,7 Manley Court,Cash on Delivery,Shipped
877,877,877,69,889.84,7768.97,9/4/2021,8224 Gerald Court,PayPal,Pending
878,878,878,68,873.15,4475.05,9/26/2020,3 Meadow Ridge Trail,PayPal,Shipped
879,879,879,60,556.87,502.88,3/3/2022,7888 Hintze Center,Cash on Delivery,Delivered
880,880,880,22,194.72,7811.62,5/6/2020,58 Merry Drive,Cash on Delivery,Shipped
881,881,881,68,387.93,3287.67,9/20/2021,9451 Ronald Regan Road,Credit Card,Delivered
882,882,882,19,214.28,3961.93,9/22/2021,2872 Almo Street,PayPal,Shipped
883,883,883,13,657.2,8149.51,3/9/2021,34033 Dexter Avenue,PayPal,Pending
884,884,884,73,77.5,8650.12,7/8/2022,5 Golf Course Hill,PayPal,Shipped
885,885,885,21,401.02,1208.4,5/25/2021,11250 Cascade Hill,Cash on Delivery,Pending
886,886,886,94,331.34,8642.77,11/5/2022,73688 Cambridge Alley,Credit Card,Delivered
887,887,887,79,704.79,7145.66,7/8/2021,46 Ridge Oak Road,Cash on Delivery,Delivered
888,888,888,21,275.32,6646.9,12/20/2022,039 Village Parkway,PayPal,Processing
889,889,889,39,439.42,2480.42,10/15/2021,3 Katie Trail,PayPal,Delivered
890,890,890,42,285.67,2172.88,6/8/2021,8285 Acker Junction,Cash on Delivery,Processing
891,891,891,8,128.12,7619.58,2/27/2022,1 Sunfield Park,Credit Card,Pending
892,892,892,69,714.13,8014.83,8/17/2022,0 Starling Avenue,Cash on Delivery,Processing
893,893,893,62,981.76,5504.76,10/31/2022,82 Drewry Trail,PayPal,Delivered
894,894,894,90,613.66,4362.77,3/17/2021,7092 Mcbride Plaza,PayPal,Shipped
895,895,895,96,699.72,8769.59,8/23/2022,7764 Miller Lane,Cash on Delivery,Pending
896,896,896,21,769.51,1195.06,12/13/2020,221 Clarendon Pass,Credit Card,Shipped
897,897,897,26,353.01,2297.17,7/1/2020,1981 Sycamore Crossing,Cash on Delivery,Pending
898,898,898,10,409.1,2821.38,4/3/2021,0185 Warner Pass,PayPal,Delivered
899,899,899,3,38.28,4027.33,5/8/2022,77 Mockingbird Crossing,PayPal,Delivered
900,900,900,49,726.4,6626.97,9/13/2020,3 Bultman Way,Cash on Delivery,Shipped
901,901,901,87,728.56,6179.09,2/2/2022,260 Bowman Avenue,Credit Card,Delivered
902,902,902,37,939.72,4907.9,4/6/2021,205 Anzinger Point,Credit Card,Delivered
903,903,903,96,568.88,2101.54,4/15/2020,1960 Duke Pass,PayPal,Delivered
904,904,904,89,32.32,2848.5,11/28/2022,3 Reinke Drive,Credit Card,Processing
905,905,905,70,7.53,9876.39,6/1/2020,74399 Riverside Park,Credit Card,Pending
906,906,906,8,601.04,1097.29,2/28/2022,2 Walton Road,PayPal,Pending
907,907,907,39,992.47,6497.32,12/12/2020,12 Huxley Lane,Credit Card,Pending
908,908,908,65,98.87,5820.45,3/5/2021,92 Center Street,PayPal,Delivered
909,909,909,2,984.21,9311.73,3/8/2022,741 Banding Place,Cash on Delivery,Delivered
910,910,910,40,666.42,825.72,3/15/2021,41 Welch Alley,PayPal,Pending
911,911,911,82,94.9,3009.34,8/7/2020,21243 Corscot Terrace,PayPal,Processing
912,912,912,73,230.09,5071.51,11/16/2021,77 Pennsylvania Crossing,Credit Card,Shipped
913,913,913,90,843.07,5864.51,3/26/2022,9 Rowland Avenue,Credit Card,Delivered
914,914,914,80,977.8,8147.69,7/10/2022,19 Cherokee Terrace,PayPal,Delivered
915,915,915,4,958.09,7303.38,3/24/2021,6442 Sunbrook Center,Cash on Delivery,Pending
916,916,916,20,999.54,817.92,1/8/2021,9 Northwestern Court,Cash on Delivery,Processing
917,917,917,100,618.51,3527.72,11/16/2020,56 Arapahoe Avenue,Credit Card,Processing
918,918,918,68,50.78,9017.21,5/28/2022,942 Jenifer Lane,Cash on Delivery,Shipped
919,919,919,10,275.61,1042.23,5/22/2021,291 Donald Pass,Cash on Delivery,Pending
920,920,920,73,360.49,1949.93,9/1/2020,3 Eggendart Road,Cash on Delivery,Delivered
921,921,921,19,120.52,1149.95,3/19/2021,70 Jackson Street,Credit Card,Pending
922,922,922,30,69.4,6040.84,12/15/2020,892 Harbort Circle,Credit Card,Processing
923,923,923,97,252.13,2952.46,6/20/2022,695 Hoard Road,Credit Card,Processing
924,924,924,69,799.98,1232.42,12/11/2020,0288 Hermina Road,Credit Card,Processing
925,925,925,83,959.73,2805.82,10/25/2021,6 Oxford Terrace,Credit Card,Processing
926,926,926,31,354.59,6637.35,12/20/2021,9 Mcbride Junction,PayPal,Processing
927,927,927,29,494.9,9109.51,6/23/2020,6 Holmberg Way,Credit Card,Pending
928,928,928,90,830.23,9043.81,8/21/2021,4187 Forest Run Terrace,Credit Card,Processing
929,929,929,86,326.85,6547.64,12/20/2021,736 Little Fleur Pass,Credit Card,Processing
930,930,930,18,868.0,2049.9,11/19/2021,126 Mcbride Road,Credit Card,Delivered
931,931,931,56,803.98,4239.67,10/23/2022,328 Hooker Park,PayPal,Pending
932,932,932,2,288.56,6204.89,12/25/2022,40 Anzinger Trail,PayPal,Pending
933,933,933,9,80.64,2492.03,3/22/2022,18 Karstens Lane,Credit Card,Delivered
934,934,934,93,156.36,5306.49,12/21/2020,720 Morrow Center,PayPal,Pending
935,935,935,78,201.96,27.53,5/18/2022,01 Monterey Junction,Credit Card,Processing
936,936,936,72,971.88,7565.32,1/20/2022,5 Autumn Leaf Hill,PayPal,Processing
937,937,937,52,590.77,1693.03,2/15/2020,9 Thierer Crossing,Cash on Delivery,Delivered
938,938,938,39,764.29,2135.13,6/19/2020,01 Westridge Drive,Credit Card,Delivered
939,939,939,42,481.22,6069.55,1/4/2020,7 Shopko Trail,Cash on Delivery,Delivered
940,940,940,66,915.77,1149.52,4/7/2020,55 Mosinee Street,PayPal,Processing
941,941,941,49,281.19,5491.43,8/14/2022,01 Shopko Drive,PayPal,Processing
942,942,942,99,434.99,3992.28,10/11/2020,02324 Monica Way,Cash on Delivery,Pending
943,943,943,48,716.52,6706.07,8/1/2020,7 Morning Alley,Credit Card,Shipped
944,944,944,95,411.79,1901.74,11/21/2021,7344 Hoard Road,Cash on Delivery,Delivered
945,945,945,29,587.88,236.29,9/22/2020,297 Kipling Place,PayPal,Pending
946,946,946,23,667.22,1290.4,7/14/2021,8473 Scoville Hill,Cash on Delivery,Shipped
947,947,947,69,256.47,7740.63,6/27/2020,1 Johnson Circle,Credit Card,Processing
948,948,948,74,781.03,3725.23,1/21/2020,0 Weeping Birch Circle,Credit Card,Shipped
949,949,949,5,283.8,8828.43,11/24/2021,4 School Plaza,Cash on Delivery,Processing
950,950,950,57,66.13,8514.86,12/1/2020,9 Holmberg Lane,PayPal,Shipped
951,951,951,83,453.74,5506.82,2/7/2022,1864 School Way,Cash on Delivery,Processing
952,952,952,91,576.8,9757.91,1/14/2020,440 Del Sol Court,Cash on Delivery,Delivered
953,953,953,39,154.58,1322.53,4/4/2021,55 Stang Pass,Cash on Delivery,Shipped
954,954,954,59,905.29,7080.08,6/4/2021,87482 Debs Plaza,PayPal,Processing
955,955,955,57,112.88,24.29,5/26/2021,678 Corry Hill,Cash on Delivery,Processing
956,956,956,94,721.6,5282.88,5/7/2020,42775 Algoma Hill,Credit Card,Pending
957,957,957,84,365.86,8916.2,12/21/2021,5344 Kennedy Trail,PayPal,Shipped
958,958,958,78,114.06,5652.1,12/16/2022,943 Mockingbird Plaza,PayPal,Delivered
959,959,959,67,223.53,3295.65,4/12/2020,732 Nelson Circle,Credit Card,Delivered
960,960,960,2,681.79,5520.07,8/18/2020,920 Florence Avenue,Cash on Delivery,Pending
961,961,961,99,418.16,7643.84,6/23/2022,111 Lakeland Road,Credit Card,Shipped
962,962,962,23,310.36,4829.26,10/10/2021,45026 Main Alley,Credit Card,Shipped
963,963,963,19,261.65,6673.12,1/2/2022,62200 Steensland Court,Credit Card,Delivered
964,964,964,18,445.06,1636.65,5/10/2022,241 Schmedeman Terrace,Credit Card,Delivered
965,965,965,51,842.96,5533.08,4/9/2020,49894 Garrison Hill,PayPal,Processing
966,966,966,6,497.59,2968.84,5/21/2020,0763 Fairfield Parkway,Credit Card,Processing
967,967,967,27,882.0,3207.77,11/28/2022,90511 Briar Crest Place,PayPal,Delivered
968,968,968,1,412.44,9649.35,10/9/2021,56204 Chive Pass,PayPal,Shipped
969,969,969,33,480.5,4282.53,6/6/2021,76075 Mitchell Alley,Credit Card,Delivered
970,970,970,31,97.1,8836.08,12/28/2022,6728 Memorial Trail,Credit Card,Delivered
971,971,971,83,645.75,7009.47,3/31/2021,701 Algoma Terrace,Cash on Delivery,Processing
972,972,972,55,988.98,6353.31,4/9/2022,51 Bellgrove Point,PayPal,Shipped
973,973,973,93,897.09,3474.66,11/10/2020,3 Coleman Way,Credit Card,Delivered
974,974,974,70,301.0,2569.49,12/24/2020,6129 Lighthouse Bay Way,PayPal,Delivered
975,975,975,92,595.9,7318.69,7/13/2021,1559 Erie Avenue,PayPal,Shipped
976,976,976,6,764.59,6228.96,12/10/2021,110 Charing Cross Center,Cash on Delivery,Pending
977,977,977,16,860.05,7553.6,12/30/2022,24 Ohio Road,Cash on Delivery,Pending
978,978,978,4,765.74,7202.06,10/9/2022,88523 Fieldstone Park,Credit Card,Processing
979,979,979,92,707.91,3829.2,9/10/2021,1045 Ludington Park,Credit Card,Pending
980,980,980,74,922.24,5918.39,2/10/2020,642 Clemons Parkway,Cash on Delivery,Processing
981,981,981,71,660.1,8938.92,4/26/2022,7261 Maple Wood Parkway,Cash on Delivery,Delivered
982,982,982,65,967.87,8002.18,2/9/2022,908 Chive Terrace,Cash on Delivery,Processing
983,983,983,66,814.21,2468.86,6/8/2020,01651 Schiller Avenue,Cash on Delivery,Processing
984,984,984,48,218.49,157.91,8/18/2020,95 Corben Park,Cash on Delivery,Delivered
985,985,985,71,141.48,5440.32,12/11/2020,5987 Hansons Avenue,PayPal,Processing
986,986,986,85,661.99,4126.55,1/16/2022,127 Continental Street,Credit Card,Pending
987,987,987,71,168.76,2127.25,1/8/2022,69181 Corscot Lane,Cash on Delivery,Delivered
988,988,988,64,629.21,734.35,10/8/2021,55 Roxbury Center,Credit Card,Shipped
989,989,989,43,458.89,2040.99,10/27/2020,424 Delaware Center,PayPal,Shipped
990,990,990,3,537.95,1435.91,8/13/2021,618 Wayridge Circle,Credit Card,Processing
991,991,991,14,293.24,1864.99,4/15/2021,34 Northview Lane,Credit Card,Shipped
992,992,992,47,937.44,5052.05,9/15/2021,7 Gale Junction,Cash on Delivery,Pending
993,993,993,96,464.54,6233.68,2/6/2021,08684 Dakota Alley,Cash on Delivery,Pending
994,994,994,41,553.02,6519.78,9/7/2022,9609 Sage Trail,PayPal,Processing
995,995,995,82,970.87,1080.94,11/4/2021,8137 Burning Wood Junction,PayPal,Processing
996,996,996,18,7.1,3767.65,2/3/2020,803 Buhler Terrace,Cash on Delivery,Delivered
997,997,997,13,239.87,5286.58,6/4/2022,5660 Farmco Plaza,Cash on Delivery,Delivered
998,998,998,54,221.25,6883.57,12/26/2022,42 Arizona Plaza,Cash on Delivery,Pending
999,999,999,67,159.8,9886.8,9/4/2020,144 Sunbrook Avenue,PayPal,Processing
1000,1000,1000,67,413.08,8857.03,5/10/2021,4 Swallow Center,Credit Card,Pending
